,fii_buy,fii_sell,fii_net,status
2019-01-01,956.57,1957.92,-1001.35,ok
2019-01-02,956.57,1957.92,-1001.35,ok
2019-01-03,956.57,1957.92,-1001.35,ok
2019-01-04,956.57,1957.92,-1001.35,ok
2019-01-07,956.57,1957.92,-1001.35,ok
2019-01-08,956.57,1957.92,-1001.35,ok
2019-01-09,956.57,1957.92,-1001.35,ok
2019-01-10,956.57,1957.92,-1001.35,ok
2019-01-11,956.57,1957.92,-1001.35,ok
2019-01-14,956.57,1957.92,-1001.35,ok
2019-01-15,956.57,1957.92,-1001.35,ok
2019-01-16,956.57,1957.92,-1001.35,ok
2019-01-17,956.57,1957.92,-1001.35,ok
2019-01-18,956.57,1957.92,-1001.35,ok
2019-01-21,956.57,1957.92,-1001.35,ok
2019-01-22,956.57,1957.92,-1001.35,ok
2019-01-23,956.57,1957.92,-1001.35,ok
2019-01-24,956.57,1957.92,-1001.35,ok
2019-01-25,956.57,1957.92,-1001.35,ok
2019-01-28,956.57,1957.92,-1001.35,ok
2019-01-29,956.57,1957.92,-1001.35,ok
2019-01-30,956.57,1957.92,-1001.35,ok
2019-01-31,956.57,1957.92,-1001.35,ok
2019-02-01,10906.27,8015.23,2891.04,ok
2019-02-04,10906.27,8015.23,2891.04,ok
2019-02-05,10906.27,8015.23,2891.04,ok
2019-02-06,10906.27,8015.23,2891.04,ok
2019-02-07,10906.27,8015.23,2891.04,ok
2019-02-08,10906.27,8015.23,2891.04,ok
2019-02-11,10906.27,8015.23,2891.04,ok
2019-02-12,10906.27,8015.23,2891.04,ok
2019-02-13,10906.27,8015.23,2891.04,ok
2019-02-14,10906.27,8015.23,2891.04,ok
2019-02-15,10906.27,8015.23,2891.04,ok
2019-02-18,10906.27,8015.23,2891.04,ok
2019-02-19,10906.27,8015.23,2891.04,ok
2019-02-20,10906.27,8015.23,2891.04,ok
2019-02-21,10906.27,8015.23,2891.04,ok
2019-02-22,10906.27,8015.23,2891.04,ok
2019-02-25,10906.27,8015.23,2891.04,ok
2019-02-26,10906.27,8015.23,2891.04,ok
2019-02-27,10906.27,8015.23,2891.04,ok
2019-02-28,10906.27,8015.23,2891.04,ok
2019-03-01,12931.83,9756.48,3175.35,ok
2019-03-04,12931.83,9756.48,3175.35,ok
2019-03-05,12931.83,9756.48,3175.35,ok
2019-03-06,12931.83,9756.48,3175.35,ok
2019-03-07,12931.83,9756.48,3175.35,ok
2019-03-08,12931.83,9756.48,3175.35,ok
2019-03-11,12931.83,9756.48,3175.35,ok
2019-03-12,12931.83,9756.48,3175.35,ok
2019-03-13,12931.83,9756.48,3175.35,ok
2019-03-14,12931.83,9756.48,3175.35,ok
2019-03-15,12931.83,9756.48,3175.35,ok
2019-03-18,12931.83,9756.48,3175.35,ok
2019-03-19,12931.83,9756.48,3175.35,ok
2019-03-20,12931.83,9756.48,3175.35,ok
2019-03-21,12931.83,9756.48,3175.35,ok
2019-03-22,12931.83,9756.48,3175.35,ok
2019-03-25,12931.83,9756.48,3175.35,ok
2019-03-26,12931.83,9756.48,3175.35,ok
2019-03-27,12931.83,9756.48,3175.35,ok
2019-03-28,12931.83,9756.48,3175.35,ok
2019-03-29,12931.83,9756.48,3175.35,ok
2019-04-01,350003.95,299655.46,50348.49,ok
2019-04-02,14230.36,11102.62,3127.74,ok
2019-04-03,14230.36,11102.62,3127.74,ok
2019-04-04,14230.36,11102.62,3127.74,ok
2019-04-05,14230.36,11102.62,3127.74,ok
2019-04-08,14230.36,11102.62,3127.74,ok
2019-04-09,14230.36,11102.62,3127.74,ok
2019-04-10,14230.36,11102.62,3127.74,ok
2019-04-11,14230.36,11102.62,3127.74,ok
2019-04-12,14230.36,11102.62,3127.74,ok
2019-04-15,14230.36,11102.62,3127.74,ok
2019-04-16,14230.36,11102.62,3127.74,ok
2019-04-17,14230.36,11102.62,3127.74,ok
2019-04-18,14230.36,11102.62,3127.74,ok
2019-04-19,14230.36,11102.62,3127.74,ok
2019-04-22,14230.36,11102.62,3127.74,ok
2019-04-23,14230.36,11102.62,3127.74,ok
2019-04-24,14230.36,11102.62,3127.74,ok
2019-04-25,14230.36,11102.62,3127.74,ok
2019-04-26,14230.36,11102.62,3127.74,ok
2019-04-29,14230.36,11102.62,3127.74,ok
2019-04-30,14230.36,11102.62,3127.74,ok
2019-05-01,,,,holiday
2019-05-02,8429.48,8465.38,-35.9,ok
2019-05-03,8429.48,8465.38,-35.9,ok
2019-05-06,8429.48,8465.38,-35.9,ok
2019-05-07,8429.48,8465.38,-35.9,ok
2019-05-08,8429.48,8465.38,-35.9,ok
2019-05-09,8429.48,8465.38,-35.9,ok
2019-05-10,8429.48,8465.38,-35.9,ok
2019-05-13,8429.48,8465.38,-35.9,ok
2019-05-14,8429.48,8465.38,-35.9,ok
2019-05-15,8429.48,8465.38,-35.9,ok
2019-05-16,8429.48,8465.38,-35.9,ok
2019-05-17,8429.48,8465.38,-35.9,ok
2019-05-20,8429.48,8465.38,-35.9,ok
2019-05-21,8429.48,8465.38,-35.9,ok
2019-05-22,8429.48,8465.38,-35.9,ok
2019-05-23,8429.48,8465.38,-35.9,ok
2019-05-24,8429.48,8465.38,-35.9,ok
2019-05-27,8429.48,8465.38,-35.9,ok
2019-05-28,8429.48,8465.38,-35.9,ok
2019-05-29,8429.48,8465.38,-35.9,ok
2019-05-30,8429.48,8465.38,-35.9,ok
2019-05-31,8429.48,8465.38,-35.9,ok
2019-06-03,9512.23,8543.1,969.13,ok
2019-06-04,9512.23,8543.1,969.13,ok
2019-06-05,9512.23,8543.1,969.13,ok
2019-06-06,9512.23,8543.1,969.13,ok
2019-06-07,9512.23,8543.1,969.13,ok
2019-06-10,9512.23,8543.1,969.13,ok
2019-06-11,9512.23,8543.1,969.13,ok
2019-06-12,9512.23,8543.1,969.13,ok
2019-06-13,9512.23,8543.1,969.13,ok
2019-06-14,9512.23,8543.1,969.13,ok
2019-06-17,9512.23,8543.1,969.13,ok
2019-06-18,9512.23,8543.1,969.13,ok
2019-06-19,9512.23,8543.1,969.13,ok
2019-06-20,9512.23,8543.1,969.13,ok
2019-06-21,9512.23,8543.1,969.13,ok
2019-06-24,9512.23,8543.1,969.13,ok
2019-06-25,9512.23,8543.1,969.13,ok
2019-06-26,9512.23,8543.1,969.13,ok
2019-06-27,9512.23,8543.1,969.13,ok
2019-06-28,9512.23,8543.1,969.13,ok
2019-07-01,5382.69,5951.53,-568.84,ok
2019-07-02,5382.69,5951.53,-568.84,ok
2019-07-03,5382.69,5951.53,-568.84,ok
2019-07-04,5382.69,5951.53,-568.84,ok
2019-07-05,5382.69,5951.53,-568.84,ok
2019-07-08,5382.69,5951.53,-568.84,ok
2019-07-09,5382.69,5951.53,-568.84,ok
2019-07-10,5382.69,5951.53,-568.84,ok
2019-07-11,5382.69,5951.53,-568.84,ok
2019-07-12,5382.69,5951.53,-568.84,ok
2019-07-15,5382.69,5951.53,-568.84,ok
2019-07-16,5382.69,5951.53,-568.84,ok
2019-07-17,5382.69,5951.53,-568.84,ok
2019-07-18,5382.69,5951.53,-568.84,ok
2019-07-19,5382.69,5951.53,-568.84,ok
2019-07-22,5382.69,5951.53,-568.84,ok
2019-07-23,5382.69,5951.53,-568.84,ok
2019-07-24,5382.69,5951.53,-568.84,ok
2019-07-25,5382.69,5951.53,-568.84,ok
2019-07-26,5382.69,5951.53,-568.84,ok
2019-07-29,5382.69,5951.53,-568.84,ok
2019-07-30,5382.69,5951.53,-568.84,ok
2019-07-31,5382.69,5951.53,-568.84,ok
2019-08-01,5886.28,7262.63,-1376.35,ok
2019-08-02,5886.28,7262.63,-1376.35,ok
2019-08-05,5886.28,7262.63,-1376.35,ok
2019-08-06,5886.28,7262.63,-1376.35,ok
2019-08-07,5886.28,7262.63,-1376.35,ok
2019-08-08,5886.28,7262.63,-1376.35,ok
2019-08-09,5886.28,7262.63,-1376.35,ok
2019-08-12,5886.28,7262.63,-1376.35,ok
2019-08-13,5886.28,7262.63,-1376.35,ok
2019-08-14,5886.28,7262.63,-1376.35,ok
2019-08-15,5886.28,7262.63,-1376.35,ok
2019-08-16,5886.28,7262.63,-1376.35,ok
2019-08-19,5886.28,7262.63,-1376.35,ok
2019-08-20,5886.28,7262.63,-1376.35,ok
2019-08-21,5886.28,7262.63,-1376.35,ok
2019-08-22,5886.28,7262.63,-1376.35,ok
2019-08-23,5886.28,7262.63,-1376.35,ok
2019-08-26,5886.28,7262.63,-1376.35,ok
2019-08-27,5886.28,7262.63,-1376.35,ok
2019-08-28,5886.28,7262.63,-1376.35,ok
2019-08-29,5886.28,7262.63,-1376.35,ok
2019-08-30,5886.28,7262.63,-1376.35,ok
2019-09-02,,,,holiday
2019-09-03,7522.81,6710.66,812.15,ok
2019-09-04,7522.81,6710.66,812.15,ok
2019-09-05,7522.81,6710.66,812.15,ok
2019-09-06,7522.81,6710.66,812.15,ok
2019-09-09,7522.81,6710.66,812.15,ok
2019-09-10,7522.81,6710.66,812.15,ok
2019-09-11,7522.81,6710.66,812.15,ok
2019-09-12,7522.81,6710.66,812.15,ok
2019-09-13,7522.81,6710.66,812.15,ok
2019-09-16,7522.81,6710.66,812.15,ok
2019-09-17,7522.81,6710.66,812.15,ok
2019-09-18,7522.81,6710.66,812.15,ok
2019-09-19,7522.81,6710.66,812.15,ok
2019-09-20,7522.81,6710.66,812.15,ok
2019-09-23,7522.81,6710.66,812.15,ok
2019-09-24,7522.81,6710.66,812.15,ok
2019-09-25,7522.81,6710.66,812.15,ok
2019-09-26,7522.81,6710.66,812.15,ok
2019-09-27,7522.81,6710.66,812.15,ok
2019-09-30,7522.81,6710.66,812.15,ok
2019-10-01,5998.29,6296.72,-298.43,ok
2019-10-02,5998.29,6296.72,-298.43,ok
2019-10-03,5998.29,6296.72,-298.43,ok
2019-10-04,5998.29,6296.72,-298.43,ok
2019-10-07,5998.29,6296.72,-298.43,ok
2019-10-08,5998.29,6296.72,-298.43,ok
2019-10-09,5998.29,6296.72,-298.43,ok
2019-10-10,5998.29,6296.72,-298.43,ok
2019-10-11,5998.29,6296.72,-298.43,ok
2019-10-14,5998.29,6296.72,-298.43,ok
2019-10-15,5998.29,6296.72,-298.43,ok
2019-10-16,5998.29,6296.72,-298.43,ok
2019-10-17,5998.29,6296.72,-298.43,ok
2019-10-18,5998.29,6296.72,-298.43,ok
2019-10-21,5998.29,6296.72,-298.43,ok
2019-10-22,5998.29,6296.72,-298.43,ok
2019-10-23,5998.29,6296.72,-298.43,ok
2019-10-24,5998.29,6296.72,-298.43,ok
2019-10-25,5998.29,6296.72,-298.43,ok
2019-10-28,5998.29,6296.72,-298.43,ok
2019-10-29,5998.29,6296.72,-298.43,ok
2019-10-30,5998.29,6296.72,-298.43,ok
2019-10-31,5998.29,6296.72,-298.43,ok
2019-11-01,9158.84,7120.31,2038.53,ok
2019-11-04,9158.84,7120.31,2038.53,ok
2019-11-05,9158.84,7120.31,2038.53,ok
2019-11-06,9158.84,7120.31,2038.53,ok
2019-11-07,9158.84,7120.31,2038.53,ok
2019-11-08,9158.84,7120.31,2038.53,ok
2019-11-11,9158.84,7120.31,2038.53,ok
2019-11-12,9158.84,7120.31,2038.53,ok
2019-11-13,9158.84,7120.31,2038.53,ok
2019-11-14,9158.84,7120.31,2038.53,ok
2019-11-15,9158.84,7120.31,2038.53,ok
2019-11-18,9158.84,7120.31,2038.53,ok
2019-11-19,9158.84,7120.31,2038.53,ok
2019-11-20,9158.84,7120.31,2038.53,ok
2019-11-21,9158.84,7120.31,2038.53,ok
2019-11-22,9158.84,7120.31,2038.53,ok
2019-11-25,9158.84,7120.31,2038.53,ok
2019-11-26,9158.84,7120.31,2038.53,ok
2019-11-27,9158.84,7120.31,2038.53,ok
2019-11-28,9158.84,7120.31,2038.53,ok
2019-11-29,9158.84,7120.31,2038.53,ok
2019-12-02,5929.62,6680.65,-751.03,ok
2019-12-03,5929.62,6680.65,-751.03,ok
2019-12-04,5929.62,6680.65,-751.03,ok
2019-12-05,5929.62,6680.65,-751.03,ok
2019-12-06,5929.62,6680.65,-751.03,ok
2019-12-09,5929.62,6680.65,-751.03,ok
2019-12-10,5929.62,6680.65,-751.03,ok
2019-12-11,5929.62,6680.65,-751.03,ok
2019-12-12,5929.62,6680.65,-751.03,ok
2019-12-13,5929.62,6680.65,-751.03,ok
2019-12-16,5929.62,6680.65,-751.03,ok
2019-12-17,5929.62,6680.65,-751.03,ok
2019-12-18,5929.62,6680.65,-751.03,ok
2019-12-19,5929.62,6680.65,-751.03,ok
2019-12-20,5929.62,6680.65,-751.03,ok
2019-12-23,5929.62,6680.65,-751.03,ok
2019-12-24,5929.62,6680.65,-751.03,ok
2019-12-25,5929.62,6680.65,-751.03,ok
2019-12-26,5929.62,6680.65,-751.03,ok
2019-12-27,5929.62,6680.65,-751.03,ok
2019-12-30,5929.62,6680.65,-751.03,ok
2019-12-31,5929.62,6680.65,-751.03,ok
2020-01-01,1492.9,3447.94,-1955.04,ok
2020-01-02,1492.9,3447.94,-1955.04,ok
2020-01-03,1492.9,3447.94,-1955.04,ok
2020-01-06,1492.9,3447.94,-1955.04,ok
2020-01-07,1492.9,3447.94,-1955.04,ok
2020-01-08,1492.9,3447.94,-1955.04,ok
2020-01-09,1492.9,3447.94,-1955.04,ok
2020-01-10,1492.9,3447.94,-1955.04,ok
2020-01-13,1492.9,3447.94,-1955.04,ok
2020-01-14,1492.9,3447.94,-1955.04,ok
2020-01-15,1492.9,3447.94,-1955.04,ok
2020-01-16,1492.9,3447.94,-1955.04,ok
2020-01-17,1492.9,3447.94,-1955.04,ok
2020-01-20,1492.9,3447.94,-1955.04,ok
2020-01-21,1492.9,3447.94,-1955.04,ok
2020-01-22,1492.9,3447.94,-1955.04,ok
2020-01-23,1492.9,3447.94,-1955.04,ok
2020-01-24,1492.9,3447.94,-1955.04,ok
2020-01-27,1492.9,3447.94,-1955.04,ok
2020-01-28,1492.9,3447.94,-1955.04,ok
2020-01-29,1492.9,3447.94,-1955.04,ok
2020-01-30,1492.9,3447.94,-1955.04,ok
2020-01-31,1492.9,3447.94,-1955.04,ok
2020-02-03,7196.24,11857.41,-4661.17,ok
2020-02-04,7196.24,11857.41,-4661.17,ok
2020-02-05,7196.24,11857.41,-4661.17,ok
2020-02-06,7196.24,11857.41,-4661.17,ok
2020-02-07,7196.24,11857.41,-4661.17,ok
2020-02-10,7196.24,11857.41,-4661.17,ok
2020-02-11,7196.24,11857.41,-4661.17,ok
2020-02-12,7196.24,11857.41,-4661.17,ok
2020-02-13,7196.24,11857.41,-4661.17,ok
2020-02-14,7196.24,11857.41,-4661.17,ok
2020-02-17,7196.24,11857.41,-4661.17,ok
2020-02-18,7196.24,11857.41,-4661.17,ok
2020-02-19,7196.24,11857.41,-4661.17,ok
2020-02-20,7196.24,11857.41,-4661.17,ok
2020-02-21,7196.24,11857.41,-4661.17,ok
2020-02-24,7196.24,11857.41,-4661.17,ok
2020-02-25,7196.24,11857.41,-4661.17,ok
2020-02-26,7196.24,11857.41,-4661.17,ok
2020-02-27,7196.24,11857.41,-4661.17,ok
2020-02-28,7196.24,11857.41,-4661.17,ok
2020-03-02,12531.64,15846.93,-3315.29,ok
2020-03-03,12531.64,15846.93,-3315.29,ok
2020-03-04,12531.64,15846.93,-3315.29,ok
2020-03-05,12531.64,15846.93,-3315.29,ok
2020-03-06,12531.64,15846.93,-3315.29,ok
2020-03-09,12531.64,15846.93,-3315.29,ok
2020-03-10,12531.64,15846.93,-3315.29,ok
2020-03-11,12531.64,15846.93,-3315.29,ok
2020-03-12,12531.64,15846.93,-3315.29,ok
2020-03-13,12531.64,15846.93,-3315.29,ok
2020-03-16,12531.64,15846.93,-3315.29,ok
2020-03-17,12531.64,15846.93,-3315.29,ok
2020-03-18,12531.64,15846.93,-3315.29,ok
2020-03-19,12531.64,15846.93,-3315.29,ok
2020-03-20,12531.64,15846.93,-3315.29,ok
2020-03-23,12531.64,15846.93,-3315.29,ok
2020-03-24,12531.64,15846.93,-3315.29,ok
2020-03-25,12531.64,15846.93,-3315.29,ok
2020-03-26,12531.64,15846.93,-3315.29,ok
2020-03-27,12531.64,15846.93,-3315.29,ok
2020-03-30,12531.64,15846.93,-3315.29,ok
2020-03-31,12531.64,15846.93,-3315.29,ok
2020-04-01,384075.54,450201.12,-66125.58,ok
2020-04-02,384075.54,450201.12,-66125.58,ok
2020-04-03,11647.1,15441.56,-3794.46,ok
2020-04-06,11647.1,15441.56,-3794.46,ok
2020-04-07,11647.1,15441.56,-3794.46,ok
2020-04-08,11647.1,15441.56,-3794.46,ok
2020-04-09,11647.1,15441.56,-3794.46,ok
2020-04-10,11647.1,15441.56,-3794.46,ok
2020-04-13,11647.1,15441.56,-3794.46,ok
2020-04-14,11647.1,15441.56,-3794.46,ok
2020-04-15,11647.1,15441.56,-3794.46,ok
2020-04-16,11647.1,15441.56,-3794.46,ok
2020-04-17,11647.1,15441.56,-3794.46,ok
2020-04-20,11647.1,15441.56,-3794.46,ok
2020-04-21,11647.1,15441.56,-3794.46,ok
2020-04-22,11647.1,15441.56,-3794.46,ok
2020-04-23,11647.1,15441.56,-3794.46,ok
2020-04-24,11647.1,15441.56,-3794.46,ok
2020-04-27,11647.1,15441.56,-3794.46,ok
2020-04-28,11647.1,15441.56,-3794.46,ok
2020-04-29,11647.1,15441.56,-3794.46,ok
2020-04-30,11647.1,15441.56,-3794.46,ok
2020-05-01,,,,holiday
2020-05-04,9655.67,6882.77,2772.9,ok
2020-05-05,9655.67,6882.77,2772.9,ok
2020-05-06,9655.67,6882.77,2772.9,ok
2020-05-07,9655.67,6882.77,2772.9,ok
2020-05-08,9655.67,6882.77,2772.9,ok
2020-05-11,9655.67,6882.77,2772.9,ok
2020-05-12,9655.67,6882.77,2772.9,ok
2020-05-13,9655.67,6882.77,2772.9,ok
2020-05-14,9655.67,6882.77,2772.9,ok
2020-05-15,9655.67,6882.77,2772.9,ok
2020-05-18,9655.67,6882.77,2772.9,ok
2020-05-19,9655.67,6882.77,2772.9,ok
2020-05-20,9655.67,6882.77,2772.9,ok
2020-05-21,9655.67,6882.77,2772.9,ok
2020-05-22,9655.67,6882.77,2772.9,ok
2020-05-25,9655.67,6882.77,2772.9,ok
2020-05-26,9655.67,6882.77,2772.9,ok
2020-05-27,9655.67,6882.77,2772.9,ok
2020-05-28,9655.67,6882.77,2772.9,ok
2020-05-29,9655.67,6882.77,2772.9,ok
2020-06-01,25171.78,23967.09,1204.69,ok
2020-06-02,25171.78,23967.09,1204.69,ok
2020-06-03,25171.78,23967.09,1204.69,ok
2020-06-04,25171.78,23967.09,1204.69,ok
2020-06-05,25171.78,23967.09,1204.69,ok
2020-06-08,25171.78,23967.09,1204.69,ok
2020-06-09,25171.78,23967.09,1204.69,ok
2020-06-10,25171.78,23967.09,1204.69,ok
2020-06-11,25171.78,23967.09,1204.69,ok
2020-06-12,25171.78,23967.09,1204.69,ok
2020-06-15,25171.78,23967.09,1204.69,ok
2020-06-16,25171.78,23967.09,1204.69,ok
2020-06-17,25171.78,23967.09,1204.69,ok
2020-06-18,25171.78,23967.09,1204.69,ok
2020-06-19,25171.78,23967.09,1204.69,ok
2020-06-22,25171.78,23967.09,1204.69,ok
2020-06-23,25171.78,23967.09,1204.69,ok
2020-06-24,25171.78,23967.09,1204.69,ok
2020-06-25,25171.78,23967.09,1204.69,ok
2020-06-26,25171.78,23967.09,1204.69,ok
2020-06-29,25171.78,23967.09,1204.69,ok
2020-06-30,25171.78,23967.09,1204.69,ok
2020-07-01,4789.91,6743.86,-1953.95,ok
2020-07-02,4789.91,6743.86,-1953.95,ok
2020-07-03,4789.91,6743.86,-1953.95,ok
2020-07-06,4789.91,6743.86,-1953.95,ok
2020-07-07,4789.91,6743.86,-1953.95,ok
2020-07-08,4789.91,6743.86,-1953.95,ok
2020-07-09,4789.91,6743.86,-1953.95,ok
2020-07-10,4789.91,6743.86,-1953.95,ok
2020-07-13,4789.91,6743.86,-1953.95,ok
2020-07-14,4789.91,6743.86,-1953.95,ok
2020-07-15,4789.91,6743.86,-1953.95,ok
2020-07-16,4789.91,6743.86,-1953.95,ok
2020-07-17,4789.91,6743.86,-1953.95,ok
2020-07-20,4789.91,6743.86,-1953.95,ok
2020-07-21,4789.91,6743.86,-1953.95,ok
2020-07-22,4789.91,6743.86,-1953.95,ok
2020-07-23,4789.91,6743.86,-1953.95,ok
2020-07-24,4789.91,6743.86,-1953.95,ok
2020-07-27,4789.91,6743.86,-1953.95,ok
2020-07-28,4789.91,6743.86,-1953.95,ok
2020-07-29,4789.91,6743.86,-1953.95,ok
2020-07-30,4789.91,6743.86,-1953.95,ok
2020-07-31,4789.91,6743.86,-1953.95,ok
2020-08-03,4787.25,5732.31,-945.06,ok
2020-08-04,4787.25,5732.31,-945.06,ok
2020-08-05,4787.25,5732.31,-945.06,ok
2020-08-06,4787.25,5732.31,-945.06,ok
2020-08-07,4787.25,5732.31,-945.06,ok
2020-08-10,4787.25,5732.31,-945.06,ok
2020-08-11,4787.25,5732.31,-945.06,ok
2020-08-12,4787.25,5732.31,-945.06,ok
2020-08-13,4787.25,5732.31,-945.06,ok
2020-08-14,4787.25,5732.31,-945.06,ok
2020-08-17,4787.25,5732.31,-945.06,ok
2020-08-18,4787.25,5732.31,-945.06,ok
2020-08-19,4787.25,5732.31,-945.06,ok
2020-08-20,4787.25,5732.31,-945.06,ok
2020-08-21,4787.25,5732.31,-945.06,ok
2020-08-24,4787.25,5732.31,-945.06,ok
2020-08-25,4787.25,5732.31,-945.06,ok
2020-08-26,4787.25,5732.31,-945.06,ok
2020-08-27,4787.25,5732.31,-945.06,ok
2020-08-28,4787.25,5732.31,-945.06,ok
2020-08-31,4787.25,5732.31,-945.06,ok
2020-09-01,17679.28,20035.22,-2355.94,ok
2020-09-02,17679.28,20035.22,-2355.94,ok
2020-09-03,17679.28,20035.22,-2355.94,ok
2020-09-04,17679.28,20035.22,-2355.94,ok
2020-09-07,17679.28,20035.22,-2355.94,ok
2020-09-08,17679.28,20035.22,-2355.94,ok
2020-09-09,17679.28,20035.22,-2355.94,ok
2020-09-10,17679.28,20035.22,-2355.94,ok
2020-09-11,17679.28,20035.22,-2355.94,ok
2020-09-14,17679.28,20035.22,-2355.94,ok
2020-09-15,17679.28,20035.22,-2355.94,ok
2020-09-16,17679.28,20035.22,-2355.94,ok
2020-09-17,17679.28,20035.22,-2355.94,ok
2020-09-18,17679.28,20035.22,-2355.94,ok
2020-09-21,17679.28,20035.22,-2355.94,ok
2020-09-22,17679.28,20035.22,-2355.94,ok
2020-09-23,17679.28,20035.22,-2355.94,ok
2020-09-24,17679.28,20035.22,-2355.94,ok
2020-09-25,17679.28,20035.22,-2355.94,ok
2020-09-28,17679.28,20035.22,-2355.94,ok
2020-09-29,17679.28,20035.22,-2355.94,ok
2020-09-30,17679.28,20035.22,-2355.94,ok
2020-10-01,5764.16,6417.75,-653.59,ok
2020-10-02,5764.16,6417.75,-653.59,ok
2020-10-05,5764.16,6417.75,-653.59,ok
2020-10-06,5764.16,6417.75,-653.59,ok
2020-10-07,5764.16,6417.75,-653.59,ok
2020-10-08,5764.16,6417.75,-653.59,ok
2020-10-09,5764.16,6417.75,-653.59,ok
2020-10-12,5764.16,6417.75,-653.59,ok
2020-10-13,5764.16,6417.75,-653.59,ok
2020-10-14,5764.16,6417.75,-653.59,ok
2020-10-15,5764.16,6417.75,-653.59,ok
2020-10-16,5764.16,6417.75,-653.59,ok
2020-10-19,5764.16,6417.75,-653.59,ok
2020-10-20,5764.16,6417.75,-653.59,ok
2020-10-21,5764.16,6417.75,-653.59,ok
2020-10-22,5764.16,6417.75,-653.59,ok
2020-10-23,5764.16,6417.75,-653.59,ok
2020-10-26,5764.16,6417.75,-653.59,ok
2020-10-27,5764.16,6417.75,-653.59,ok
2020-10-28,5764.16,6417.75,-653.59,ok
2020-10-29,5764.16,6417.75,-653.59,ok
2020-10-30,5764.16,6417.75,-653.59,ok
2020-11-02,12396.38,13807.49,-1411.11,ok
2020-11-03,12396.38,13807.49,-1411.11,ok
2020-11-04,12396.38,13807.49,-1411.11,ok
2020-11-05,12396.38,13807.49,-1411.11,ok
2020-11-06,12396.38,13807.49,-1411.11,ok
2020-11-09,12396.38,13807.49,-1411.11,ok
2020-11-10,12396.38,13807.49,-1411.11,ok
2020-11-11,12396.38,13807.49,-1411.11,ok
2020-11-12,12396.38,13807.49,-1411.11,ok
2020-11-13,12396.38,13807.49,-1411.11,ok
2020-11-16,12396.38,13807.49,-1411.11,ok
2020-11-17,12396.38,13807.49,-1411.11,ok
2020-11-18,12396.38,13807.49,-1411.11,ok
2020-11-19,12396.38,13807.49,-1411.11,ok
2020-11-20,12396.38,13807.49,-1411.11,ok
2020-11-23,12396.38,13807.49,-1411.11,ok
2020-11-24,12396.38,13807.49,-1411.11,ok
2020-11-25,12396.38,13807.49,-1411.11,ok
2020-11-26,12396.38,13807.49,-1411.11,ok
2020-11-27,12396.38,13807.49,-1411.11,ok
2020-11-30,12396.38,13807.49,-1411.11,ok
2020-12-01,75713.89,66581.76,9132.13,ok
2020-12-02,75713.89,66581.76,9132.13,ok
2020-12-03,75713.89,66581.76,9132.13,ok
2020-12-04,75713.89,66581.76,9132.13,ok
2020-12-07,75713.89,66581.76,9132.13,ok
2020-12-08,75713.89,66581.76,9132.13,ok
2020-12-09,75713.89,66581.76,9132.13,ok
2020-12-10,75713.89,66581.76,9132.13,ok
2020-12-11,75713.89,66581.76,9132.13,ok
2020-12-14,75713.89,66581.76,9132.13,ok
2020-12-15,75713.89,66581.76,9132.13,ok
2020-12-16,75713.89,66581.76,9132.13,ok
2020-12-17,75713.89,66581.76,9132.13,ok
2020-12-18,75713.89,66581.76,9132.13,ok
2020-12-21,75713.89,66581.76,9132.13,ok
2020-12-22,75713.89,66581.76,9132.13,ok
2020-12-23,75713.89,66581.76,9132.13,ok
2020-12-24,75713.89,66581.76,9132.13,ok
2020-12-25,75713.89,66581.76,9132.13,ok
2020-12-28,75713.89,66581.76,9132.13,ok
2020-12-29,75713.89,66581.76,9132.13,ok
2020-12-30,75713.89,66581.76,9132.13,ok
2020-12-31,75713.89,66581.76,9132.13,ok
2021-01-01,6253.27,5641.15,612.12,ok
2021-01-04,6253.27,5641.15,612.12,ok
2021-01-05,6253.27,5641.15,612.12,ok
2021-01-06,6253.27,5641.15,612.12,ok
2021-01-07,6253.27,5641.15,612.12,ok
2021-01-08,6253.27,5641.15,612.12,ok
2021-01-11,6253.27,5641.15,612.12,ok
2021-01-12,6253.27,5641.15,612.12,ok
2021-01-13,6253.27,5641.15,612.12,ok
2021-01-14,6253.27,5641.15,612.12,ok
2021-01-15,6253.27,5641.15,612.12,ok
2021-01-18,6253.27,5641.15,612.12,ok
2021-01-19,6253.27,5641.15,612.12,ok
2021-01-20,6253.27,5641.15,612.12,ok
2021-01-21,6253.27,5641.15,612.12,ok
2021-01-22,6253.27,5641.15,612.12,ok
2021-01-25,6253.27,5641.15,612.12,ok
2021-01-26,6253.27,5641.15,612.12,ok
2021-01-27,6253.27,5641.15,612.12,ok
2021-01-28,6253.27,5641.15,612.12,ok
2021-01-29,6253.27,5641.15,612.12,ok
2021-02-01,14313.3,18939.5,-4626.2,ok
2021-02-02,14313.3,18939.5,-4626.2,ok
2021-02-03,14313.3,18939.5,-4626.2,ok
2021-02-04,14313.3,18939.5,-4626.2,ok
2021-02-05,14313.3,18939.5,-4626.2,ok
2021-02-08,14313.3,18939.5,-4626.2,ok
2021-02-09,14313.3,18939.5,-4626.2,ok
2021-02-10,14313.3,18939.5,-4626.2,ok
2021-02-11,14313.3,18939.5,-4626.2,ok
2021-02-12,14313.3,18939.5,-4626.2,ok
2021-02-15,14313.3,18939.5,-4626.2,ok
2021-02-16,14313.3,18939.5,-4626.2,ok
2021-02-17,14313.3,18939.5,-4626.2,ok
2021-02-18,14313.3,18939.5,-4626.2,ok
2021-02-19,14313.3,18939.5,-4626.2,ok
2021-02-22,14313.3,18939.5,-4626.2,ok
2021-02-23,14313.3,18939.5,-4626.2,ok
2021-02-24,14313.3,18939.5,-4626.2,ok
2021-02-25,14313.3,18939.5,-4626.2,ok
2021-02-26,14313.3,18939.5,-4626.2,ok
2021-03-01,22786.03,30957.06,-8171.03,ok
2021-03-02,22786.03,30957.06,-8171.03,ok
2021-03-03,22786.03,30957.06,-8171.03,ok
2021-03-04,22786.03,30957.06,-8171.03,ok
2021-03-05,22786.03,30957.06,-8171.03,ok
2021-03-08,22786.03,30957.06,-8171.03,ok
2021-03-09,22786.03,30957.06,-8171.03,ok
2021-03-10,22786.03,30957.06,-8171.03,ok
2021-03-11,22786.03,30957.06,-8171.03,ok
2021-03-12,22786.03,30957.06,-8171.03,ok
2021-03-15,22786.03,30957.06,-8171.03,ok
2021-03-16,22786.03,30957.06,-8171.03,ok
2021-03-17,22786.03,30957.06,-8171.03,ok
2021-03-18,22786.03,30957.06,-8171.03,ok
2021-03-19,22786.03,30957.06,-8171.03,ok
2021-03-22,22786.03,30957.06,-8171.03,ok
2021-03-23,22786.03,30957.06,-8171.03,ok
2021-03-24,22786.03,30957.06,-8171.03,ok
2021-03-25,22786.03,30957.06,-8171.03,ok
2021-03-26,22786.03,30957.06,-8171.03,ok
2021-03-29,22786.03,30957.06,-8171.03,ok
2021-03-30,22786.03,30957.06,-8171.03,ok
2021-03-31,22786.03,30957.06,-8171.03,ok
2021-04-01,565067.23,519908.71,45158.52,ok
2021-04-02,565067.23,519908.71,45158.52,ok
2021-04-05,14655.37,16356.92,-1701.55,ok
2021-04-06,14655.37,16356.92,-1701.55,ok
2021-04-07,14655.37,16356.92,-1701.55,ok
2021-04-08,14655.37,16356.92,-1701.55,ok
2021-04-09,14655.37,16356.92,-1701.55,ok
2021-04-12,14655.37,16356.92,-1701.55,ok
2021-04-13,14655.37,16356.92,-1701.55,ok
2021-04-14,14655.37,16356.92,-1701.55,ok
2021-04-15,14655.37,16356.92,-1701.55,ok
2021-04-16,14655.37,16356.92,-1701.55,ok
2021-04-19,14655.37,16356.92,-1701.55,ok
2021-04-20,14655.37,16356.92,-1701.55,ok
2021-04-21,14655.37,16356.92,-1701.55,ok
2021-04-22,14655.37,16356.92,-1701.55,ok
2021-04-23,14655.37,16356.92,-1701.55,ok
2021-04-26,14655.37,16356.92,-1701.55,ok
2021-04-27,14655.37,16356.92,-1701.55,ok
2021-04-28,14655.37,16356.92,-1701.55,ok
2021-04-29,14655.37,16356.92,-1701.55,ok
2021-04-30,14655.37,16356.92,-1701.55,ok
2021-05-03,8511.26,11662.35,-3151.09,ok
2021-05-04,8511.26,11662.35,-3151.09,ok
2021-05-05,8511.26,11662.35,-3151.09,ok
2021-05-06,8511.26,11662.35,-3151.09,ok
2021-05-07,8511.26,11662.35,-3151.09,ok
2021-05-10,8511.26,11662.35,-3151.09,ok
2021-05-11,8511.26,11662.35,-3151.09,ok
2021-05-12,8511.26,11662.35,-3151.09,ok
2021-05-13,8511.26,11662.35,-3151.09,ok
2021-05-14,8511.26,11662.35,-3151.09,ok
2021-05-17,8511.26,11662.35,-3151.09,ok
2021-05-18,8511.26,11662.35,-3151.09,ok
2021-05-19,8511.26,11662.35,-3151.09,ok
2021-05-20,8511.26,11662.35,-3151.09,ok
2021-05-21,8511.26,11662.35,-3151.09,ok
2021-05-24,8511.26,11662.35,-3151.09,ok
2021-05-25,8511.26,11662.35,-3151.09,ok
2021-05-26,8511.26,11662.35,-3151.09,ok
2021-05-27,8511.26,11662.35,-3151.09,ok
2021-05-28,8511.26,11662.35,-3151.09,ok
2021-05-31,8511.26,11662.35,-3151.09,ok
2021-06-01,11100.75,5940.72,5160.03,ok
2021-06-02,11100.75,5940.72,5160.03,ok
2021-06-03,11100.75,5940.72,5160.03,ok
2021-06-04,11100.75,5940.72,5160.03,ok
2021-06-07,11100.75,5940.72,5160.03,ok
2021-06-08,11100.75,5940.72,5160.03,ok
2021-06-09,11100.75,5940.72,5160.03,ok
2021-06-10,11100.75,5940.72,5160.03,ok
2021-06-11,11100.75,5940.72,5160.03,ok
2021-06-14,11100.75,5940.72,5160.03,ok
2021-06-15,11100.75,5940.72,5160.03,ok
2021-06-16,11100.75,5940.72,5160.03,ok
2021-06-17,11100.75,5940.72,5160.03,ok
2021-06-18,11100.75,5940.72,5160.03,ok
2021-06-21,11100.75,5940.72,5160.03,ok
2021-06-22,11100.75,5940.72,5160.03,ok
2021-06-23,11100.75,5940.72,5160.03,ok
2021-06-24,11100.75,5940.72,5160.03,ok
2021-06-25,11100.75,5940.72,5160.03,ok
2021-06-28,11100.75,5940.72,5160.03,ok
2021-06-29,11100.75,5940.72,5160.03,ok
2021-06-30,11100.75,5940.72,5160.03,ok
2021-07-01,6287.0,7407.02,-1120.02,ok
2021-07-02,6287.0,7407.02,-1120.02,ok
2021-07-05,6287.0,7407.02,-1120.02,ok
2021-07-06,6287.0,7407.02,-1120.02,ok
2021-07-07,6287.0,7407.02,-1120.02,ok
2021-07-08,6287.0,7407.02,-1120.02,ok
2021-07-09,6287.0,7407.02,-1120.02,ok
2021-07-12,6287.0,7407.02,-1120.02,ok
2021-07-13,6287.0,7407.02,-1120.02,ok
2021-07-14,6287.0,7407.02,-1120.02,ok
2021-07-15,6287.0,7407.02,-1120.02,ok
2021-07-16,6287.0,7407.02,-1120.02,ok
2021-07-19,6287.0,7407.02,-1120.02,ok
2021-07-20,6287.0,7407.02,-1120.02,ok
2021-07-21,6287.0,7407.02,-1120.02,ok
2021-07-22,6287.0,7407.02,-1120.02,ok
2021-07-23,6287.0,7407.02,-1120.02,ok
2021-07-26,6287.0,7407.02,-1120.02,ok
2021-07-27,6287.0,7407.02,-1120.02,ok
2021-07-28,6287.0,7407.02,-1120.02,ok
2021-07-29,6287.0,7407.02,-1120.02,ok
2021-07-30,6287.0,7407.02,-1120.02,ok
2021-08-02,8869.74,12355.01,-3485.27,ok
2021-08-03,8869.74,12355.01,-3485.27,ok
2021-08-04,8869.74,12355.01,-3485.27,ok
2021-08-05,8869.74,12355.01,-3485.27,ok
2021-08-06,8869.74,12355.01,-3485.27,ok
2021-08-09,8869.74,12355.01,-3485.27,ok
2021-08-10,8869.74,12355.01,-3485.27,ok
2021-08-11,8869.74,12355.01,-3485.27,ok
2021-08-12,8869.74,12355.01,-3485.27,ok
2021-08-13,8869.74,12355.01,-3485.27,ok
2021-08-16,8869.74,12355.01,-3485.27,ok
2021-08-17,8869.74,12355.01,-3485.27,ok
2021-08-18,8869.74,12355.01,-3485.27,ok
2021-08-19,8869.74,12355.01,-3485.27,ok
2021-08-20,8869.74,12355.01,-3485.27,ok
2021-08-23,8869.74,12355.01,-3485.27,ok
2021-08-24,8869.74,12355.01,-3485.27,ok
2021-08-25,8869.74,12355.01,-3485.27,ok
2021-08-26,8869.74,12355.01,-3485.27,ok
2021-08-27,8869.74,12355.01,-3485.27,ok
2021-08-30,8869.74,12355.01,-3485.27,ok
2021-08-31,8869.74,12355.01,-3485.27,ok
2021-09-01,21738.73,18982.81,2755.92,ok
2021-09-02,21738.73,18982.81,2755.92,ok
2021-09-03,21738.73,18982.81,2755.92,ok
2021-09-06,21738.73,18982.81,2755.92,ok
2021-09-07,21738.73,18982.81,2755.92,ok
2021-09-08,21738.73,18982.81,2755.92,ok
2021-09-09,21738.73,18982.81,2755.92,ok
2021-09-10,21738.73,18982.81,2755.92,ok
2021-09-13,21738.73,18982.81,2755.92,ok
2021-09-14,21738.73,18982.81,2755.92,ok
2021-09-15,21738.73,18982.81,2755.92,ok
2021-09-16,21738.73,18982.81,2755.92,ok
2021-09-17,21738.73,18982.81,2755.92,ok
2021-09-20,21738.73,18982.81,2755.92,ok
2021-09-21,21738.73,18982.81,2755.92,ok
2021-09-22,21738.73,18982.81,2755.92,ok
2021-09-23,21738.73,18982.81,2755.92,ok
2021-09-24,21738.73,18982.81,2755.92,ok
2021-09-27,21738.73,18982.81,2755.92,ok
2021-09-28,21738.73,18982.81,2755.92,ok
2021-09-29,21738.73,18982.81,2755.92,ok
2021-09-30,21738.73,18982.81,2755.92,ok
2021-10-01,11043.19,13077.34,-2034.15,ok
2021-10-04,11043.19,13077.34,-2034.15,ok
2021-10-05,11043.19,13077.34,-2034.15,ok
2021-10-06,11043.19,13077.34,-2034.15,ok
2021-10-07,11043.19,13077.34,-2034.15,ok
2021-10-08,11043.19,13077.34,-2034.15,ok
2021-10-11,11043.19,13077.34,-2034.15,ok
2021-10-12,11043.19,13077.34,-2034.15,ok
2021-10-13,11043.19,13077.34,-2034.15,ok
2021-10-14,11043.19,13077.34,-2034.15,ok
2021-10-15,11043.19,13077.34,-2034.15,ok
2021-10-18,11043.19,13077.34,-2034.15,ok
2021-10-19,11043.19,13077.34,-2034.15,ok
2021-10-20,11043.19,13077.34,-2034.15,ok
2021-10-21,11043.19,13077.34,-2034.15,ok
2021-10-22,11043.19,13077.34,-2034.15,ok
2021-10-25,11043.19,13077.34,-2034.15,ok
2021-10-26,11043.19,13077.34,-2034.15,ok
2021-10-27,11043.19,13077.34,-2034.15,ok
2021-10-28,11043.19,13077.34,-2034.15,ok
2021-10-29,11043.19,13077.34,-2034.15,ok
2021-11-01,6742.88,12502.85,-5759.97,ok
2021-11-02,6742.88,12502.85,-5759.97,ok
2021-11-03,6742.88,12502.85,-5759.97,ok
2021-11-04,6742.88,12502.85,-5759.97,ok
2021-11-05,6742.88,12502.85,-5759.97,ok
2021-11-08,6742.88,12502.85,-5759.97,ok
2021-11-09,6742.88,12502.85,-5759.97,ok
2021-11-10,6742.88,12502.85,-5759.97,ok
2021-11-11,6742.88,12502.85,-5759.97,ok
2021-11-12,6742.88,12502.85,-5759.97,ok
2021-11-15,6742.88,12502.85,-5759.97,ok
2021-11-16,6742.88,12502.85,-5759.97,ok
2021-11-17,6742.88,12502.85,-5759.97,ok
2021-11-18,6742.88,12502.85,-5759.97,ok
2021-11-19,6742.88,12502.85,-5759.97,ok
2021-11-22,6742.88,12502.85,-5759.97,ok
2021-11-23,6742.88,12502.85,-5759.97,ok
2021-11-24,6742.88,12502.85,-5759.97,ok
2021-11-25,6742.88,12502.85,-5759.97,ok
2021-11-26,6742.88,12502.85,-5759.97,ok
2021-11-29,6742.88,12502.85,-5759.97,ok
2021-11-30,6742.88,12502.85,-5759.97,ok
2021-12-01,42135.09,47376.49,-5241.4,ok
2021-12-02,42135.09,47376.49,-5241.4,ok
2021-12-03,42135.09,47376.49,-5241.4,ok
2021-12-06,42135.09,47376.49,-5241.4,ok
2021-12-07,42135.09,47376.49,-5241.4,ok
2021-12-08,42135.09,47376.49,-5241.4,ok
2021-12-09,42135.09,47376.49,-5241.4,ok
2021-12-10,42135.09,47376.49,-5241.4,ok
2021-12-13,42135.09,47376.49,-5241.4,ok
2021-12-14,42135.09,47376.49,-5241.4,ok
2021-12-15,42135.09,47376.49,-5241.4,ok
2021-12-16,42135.09,47376.49,-5241.4,ok
2021-12-17,42135.09,47376.49,-5241.4,ok
2021-12-20,42135.09,47376.49,-5241.4,ok
2021-12-21,42135.09,47376.49,-5241.4,ok
2021-12-22,42135.09,47376.49,-5241.4,ok
2021-12-23,42135.09,47376.49,-5241.4,ok
2021-12-24,42135.09,47376.49,-5241.4,ok
2021-12-27,42135.09,47376.49,-5241.4,ok
2021-12-28,42135.09,47376.49,-5241.4,ok
2021-12-29,42135.09,47376.49,-5241.4,ok
2021-12-30,42135.09,47376.49,-5241.4,ok
2021-12-31,42135.09,47376.49,-5241.4,ok
2022-01-03,4076.81,3442.42,634.39,ok
2022-01-04,4076.81,3442.42,634.39,ok
2022-01-05,4076.81,3442.42,634.39,ok
2022-01-06,4076.81,3442.42,634.39,ok
2022-01-07,4076.81,3442.42,634.39,ok
2022-01-10,4076.81,3442.42,634.39,ok
2022-01-11,4076.81,3442.42,634.39,ok
2022-01-12,4076.81,3442.42,634.39,ok
2022-01-13,4076.81,3442.42,634.39,ok
2022-01-14,4076.81,3442.42,634.39,ok
2022-01-17,4076.81,3442.42,634.39,ok
2022-01-18,4076.81,3442.42,634.39,ok
2022-01-19,4076.81,3442.42,634.39,ok
2022-01-20,4076.81,3442.42,634.39,ok
2022-01-21,4076.81,3442.42,634.39,ok
2022-01-24,4076.81,3442.42,634.39,ok
2022-01-25,4076.81,3442.42,634.39,ok
2022-01-26,4076.81,3442.42,634.39,ok
2022-01-27,4076.81,3442.42,634.39,ok
2022-01-28,4076.81,3442.42,634.39,ok
2022-01-31,4076.81,3442.42,634.39,ok
2022-02-01,8309.34,10349.0,-2039.66,ok
2022-02-02,8309.34,10349.0,-2039.66,ok
2022-02-03,8309.34,10349.0,-2039.66,ok
2022-02-04,8309.34,10349.0,-2039.66,ok
2022-02-07,8309.34,10349.0,-2039.66,ok
2022-02-08,8309.34,10349.0,-2039.66,ok
2022-02-09,8309.34,10349.0,-2039.66,ok
2022-02-10,8309.34,10349.0,-2039.66,ok
2022-02-11,8309.34,10349.0,-2039.66,ok
2022-02-14,8309.34,10349.0,-2039.66,ok
2022-02-15,8309.34,10349.0,-2039.66,ok
2022-02-16,8309.34,10349.0,-2039.66,ok
2022-02-17,8309.34,10349.0,-2039.66,ok
2022-02-18,8309.34,10349.0,-2039.66,ok
2022-02-21,8309.34,10349.0,-2039.66,ok
2022-02-22,8309.34,10349.0,-2039.66,ok
2022-02-23,8309.34,10349.0,-2039.66,ok
2022-02-24,8309.34,10349.0,-2039.66,ok
2022-02-25,8309.34,10349.0,-2039.66,ok
2022-02-28,8309.34,10349.0,-2039.66,ok
2022-03-01,,,,holiday
2022-03-02,15662.36,19796.31,-4133.95,ok
2022-03-03,15662.36,19796.31,-4133.95,ok
2022-03-04,15662.36,19796.31,-4133.95,ok
2022-03-07,15662.36,19796.31,-4133.95,ok
2022-03-08,15662.36,19796.31,-4133.95,ok
2022-03-09,15662.36,19796.31,-4133.95,ok
2022-03-10,15662.36,19796.31,-4133.95,ok
2022-03-11,15662.36,19796.31,-4133.95,ok
2022-03-14,15662.36,19796.31,-4133.95,ok
2022-03-15,15662.36,19796.31,-4133.95,ok
2022-03-16,15662.36,19796.31,-4133.95,ok
2022-03-17,15662.36,19796.31,-4133.95,ok
2022-03-18,15662.36,19796.31,-4133.95,ok
2022-03-21,15662.36,19796.31,-4133.95,ok
2022-03-22,15662.36,19796.31,-4133.95,ok
2022-03-23,15662.36,19796.31,-4133.95,ok
2022-03-24,15662.36,19796.31,-4133.95,ok
2022-03-25,15662.36,19796.31,-4133.95,ok
2022-03-28,15662.36,19796.31,-4133.95,ok
2022-03-29,15662.36,19796.31,-4133.95,ok
2022-03-30,15662.36,19796.31,-4133.95,ok
2022-03-31,15662.36,19796.31,-4133.95,ok
2022-04-01,480356.54,592167.07,-111810.53,ok
2022-04-04,25234.17,16683.68,8550.49,ok
2022-04-05,25234.17,16683.68,8550.49,ok
2022-04-06,25234.17,16683.68,8550.49,ok
2022-04-07,25234.17,16683.68,8550.49,ok
2022-04-08,25234.17,16683.68,8550.49,ok
2022-04-11,25234.17,16683.68,8550.49,ok
2022-04-12,25234.17,16683.68,8550.49,ok
2022-04-13,25234.17,16683.68,8550.49,ok
2022-04-14,25234.17,16683.68,8550.49,ok
2022-04-15,25234.17,16683.68,8550.49,ok
2022-04-18,25234.17,16683.68,8550.49,ok
2022-04-19,25234.17,16683.68,8550.49,ok
2022-04-20,25234.17,16683.68,8550.49,ok
2022-04-21,25234.17,16683.68,8550.49,ok
2022-04-22,25234.17,16683.68,8550.49,ok
2022-04-25,25234.17,16683.68,8550.49,ok
2022-04-26,25234.17,16683.68,8550.49,ok
2022-04-27,25234.17,16683.68,8550.49,ok
2022-04-28,25234.17,16683.68,8550.49,ok
2022-04-29,25234.17,16683.68,8550.49,ok
2022-05-02,8880.29,12211.86,-3331.57,ok
2022-05-03,8880.29,12211.86,-3331.57,ok
2022-05-04,8880.29,12211.86,-3331.57,ok
2022-05-05,8880.29,12211.86,-3331.57,ok
2022-05-06,8880.29,12211.86,-3331.57,ok
2022-05-09,8880.29,12211.86,-3331.57,ok
2022-05-10,8880.29,12211.86,-3331.57,ok
2022-05-11,8880.29,12211.86,-3331.57,ok
2022-05-12,8880.29,12211.86,-3331.57,ok
2022-05-13,8880.29,12211.86,-3331.57,ok
2022-05-16,8880.29,12211.86,-3331.57,ok
2022-05-17,8880.29,12211.86,-3331.57,ok
2022-05-18,8880.29,12211.86,-3331.57,ok
2022-05-19,8880.29,12211.86,-3331.57,ok
2022-05-20,8880.29,12211.86,-3331.57,ok
2022-05-23,8880.29,12211.86,-3331.57,ok
2022-05-24,8880.29,12211.86,-3331.57,ok
2022-05-25,8880.29,12211.86,-3331.57,ok
2022-05-26,8880.29,12211.86,-3331.57,ok
2022-05-27,8880.29,12211.86,-3331.57,ok
2022-05-30,8880.29,12211.86,-3331.57,ok
2022-05-31,8880.29,12211.86,-3331.57,ok
2022-06-01,45139.15,46130.11,-990.96,ok
2022-06-02,45139.15,46130.11,-990.96,ok
2022-06-03,45139.15,46130.11,-990.96,ok
2022-06-06,45139.15,46130.11,-990.96,ok
2022-06-07,45139.15,46130.11,-990.96,ok
2022-06-08,45139.15,46130.11,-990.96,ok
2022-06-09,45139.15,46130.11,-990.96,ok
2022-06-10,45139.15,46130.11,-990.96,ok
2022-06-13,45139.15,46130.11,-990.96,ok
2022-06-14,45139.15,46130.11,-990.96,ok
2022-06-15,45139.15,46130.11,-990.96,ok
2022-06-16,45139.15,46130.11,-990.96,ok
2022-06-17,45139.15,46130.11,-990.96,ok
2022-06-20,45139.15,46130.11,-990.96,ok
2022-06-21,45139.15,46130.11,-990.96,ok
2022-06-22,45139.15,46130.11,-990.96,ok
2022-06-23,45139.15,46130.11,-990.96,ok
2022-06-24,45139.15,46130.11,-990.96,ok
2022-06-27,45139.15,46130.11,-990.96,ok
2022-06-28,45139.15,46130.11,-990.96,ok
2022-06-29,45139.15,46130.11,-990.96,ok
2022-06-30,45139.15,46130.11,-990.96,ok
2022-07-01,10242.23,10501.62,-259.39,ok
2022-07-04,10242.23,10501.62,-259.39,ok
2022-07-05,10242.23,10501.62,-259.39,ok
2022-07-06,10242.23,10501.62,-259.39,ok
2022-07-07,10242.23,10501.62,-259.39,ok
2022-07-08,10242.23,10501.62,-259.39,ok
2022-07-11,10242.23,10501.62,-259.39,ok
2022-07-12,10242.23,10501.62,-259.39,ok
2022-07-13,10242.23,10501.62,-259.39,ok
2022-07-14,10242.23,10501.62,-259.39,ok
2022-07-15,10242.23,10501.62,-259.39,ok
2022-07-18,10242.23,10501.62,-259.39,ok
2022-07-19,10242.23,10501.62,-259.39,ok
2022-07-20,10242.23,10501.62,-259.39,ok
2022-07-21,10242.23,10501.62,-259.39,ok
2022-07-22,10242.23,10501.62,-259.39,ok
2022-07-25,10242.23,10501.62,-259.39,ok
2022-07-26,10242.23,10501.62,-259.39,ok
2022-07-27,10242.23,10501.62,-259.39,ok
2022-07-28,10242.23,10501.62,-259.39,ok
2022-07-29,10242.23,10501.62,-259.39,ok
2022-08-01,8786.08,7317.82,1468.26,ok
2022-08-02,8786.08,7317.82,1468.26,ok
2022-08-03,8786.08,7317.82,1468.26,ok
2022-08-04,8786.08,7317.82,1468.26,ok
2022-08-05,8786.08,7317.82,1468.26,ok
2022-08-08,8786.08,7317.82,1468.26,ok
2022-08-09,8786.08,7317.82,1468.26,ok
2022-08-10,8786.08,7317.82,1468.26,ok
2022-08-11,8786.08,7317.82,1468.26,ok
2022-08-12,8786.08,7317.82,1468.26,ok
2022-08-15,8786.08,7317.82,1468.26,ok
2022-08-16,8786.08,7317.82,1468.26,ok
2022-08-17,8786.08,7317.82,1468.26,ok
2022-08-18,8786.08,7317.82,1468.26,ok
2022-08-19,8786.08,7317.82,1468.26,ok
2022-08-22,8786.08,7317.82,1468.26,ok
2022-08-23,8786.08,7317.82,1468.26,ok
2022-08-24,8786.08,7317.82,1468.26,ok
2022-08-25,8786.08,7317.82,1468.26,ok
2022-08-26,8786.08,7317.82,1468.26,ok
2022-08-29,8786.08,7317.82,1468.26,ok
2022-08-30,8786.08,7317.82,1468.26,ok
2022-08-31,8786.08,7317.82,1468.26,ok
2022-09-01,16124.6,11862.36,4262.24,ok
2022-09-02,16124.6,11862.36,4262.24,ok
2022-09-05,16124.6,11862.36,4262.24,ok
2022-09-06,16124.6,11862.36,4262.24,ok
2022-09-07,16124.6,11862.36,4262.24,ok
2022-09-08,16124.6,11862.36,4262.24,ok
2022-09-09,16124.6,11862.36,4262.24,ok
2022-09-12,16124.6,11862.36,4262.24,ok
2022-09-13,16124.6,11862.36,4262.24,ok
2022-09-14,16124.6,11862.36,4262.24,ok
2022-09-15,16124.6,11862.36,4262.24,ok
2022-09-16,16124.6,11862.36,4262.24,ok
2022-09-19,16124.6,11862.36,4262.24,ok
2022-09-20,16124.6,11862.36,4262.24,ok
2022-09-21,16124.6,11862.36,4262.24,ok
2022-09-22,16124.6,11862.36,4262.24,ok
2022-09-23,16124.6,11862.36,4262.24,ok
2022-09-26,16124.6,11862.36,4262.24,ok
2022-09-27,16124.6,11862.36,4262.24,ok
2022-09-28,16124.6,11862.36,4262.24,ok
2022-09-29,16124.6,11862.36,4262.24,ok
2022-09-30,16124.6,11862.36,4262.24,ok
2022-10-03,9442.98,10965.54,-1522.56,ok
2022-10-04,9442.98,10965.54,-1522.56,ok
2022-10-05,9442.98,10965.54,-1522.56,ok
2022-10-06,9442.98,10965.54,-1522.56,ok
2022-10-07,9442.98,10965.54,-1522.56,ok
2022-10-10,9442.98,10965.54,-1522.56,ok
2022-10-11,9442.98,10965.54,-1522.56,ok
2022-10-12,9442.98,10965.54,-1522.56,ok
2022-10-13,9442.98,10965.54,-1522.56,ok
2022-10-14,9442.98,10965.54,-1522.56,ok
2022-10-17,9442.98,10965.54,-1522.56,ok
2022-10-18,9442.98,10965.54,-1522.56,ok
2022-10-19,9442.98,10965.54,-1522.56,ok
2022-10-20,9442.98,10965.54,-1522.56,ok
2022-10-21,9442.98,10965.54,-1522.56,ok
2022-10-24,9442.98,10965.54,-1522.56,ok
2022-10-25,9442.98,10965.54,-1522.56,ok
2022-10-26,9442.98,10965.54,-1522.56,ok
2022-10-27,9442.98,10965.54,-1522.56,ok
2022-10-28,9442.98,10965.54,-1522.56,ok
2022-10-31,9442.98,10965.54,-1522.56,ok
2022-11-01,12403.08,5486.67,6916.41,ok
2022-11-02,12403.08,5486.67,6916.41,ok
2022-11-03,12403.08,5486.67,6916.41,ok
2022-11-04,12403.08,5486.67,6916.41,ok
2022-11-07,12403.08,5486.67,6916.41,ok
2022-11-08,12403.08,5486.67,6916.41,ok
2022-11-09,12403.08,5486.67,6916.41,ok
2022-11-10,12403.08,5486.67,6916.41,ok
2022-11-11,12403.08,5486.67,6916.41,ok
2022-11-14,12403.08,5486.67,6916.41,ok
2022-11-15,12403.08,5486.67,6916.41,ok
2022-11-16,12403.08,5486.67,6916.41,ok
2022-11-17,12403.08,5486.67,6916.41,ok
2022-11-18,12403.08,5486.67,6916.41,ok
2022-11-21,12403.08,5486.67,6916.41,ok
2022-11-22,12403.08,5486.67,6916.41,ok
2022-11-23,12403.08,5486.67,6916.41,ok
2022-11-24,12403.08,5486.67,6916.41,ok
2022-11-25,12403.08,5486.67,6916.41,ok
2022-11-28,12403.08,5486.67,6916.41,ok
2022-11-29,12403.08,5486.67,6916.41,ok
2022-11-30,12403.08,5486.67,6916.41,ok
2022-12-01,39585.41,30607.45,8977.96,ok
2022-12-02,39585.41,30607.45,8977.96,ok
2022-12-05,39585.41,30607.45,8977.96,ok
2022-12-06,39585.41,30607.45,8977.96,ok
2022-12-07,39585.41,30607.45,8977.96,ok
2022-12-08,39585.41,30607.45,8977.96,ok
2022-12-09,39585.41,30607.45,8977.96,ok
2022-12-12,39585.41,30607.45,8977.96,ok
2022-12-13,39585.41,30607.45,8977.96,ok
2022-12-14,39585.41,30607.45,8977.96,ok
2022-12-15,39585.41,30607.45,8977.96,ok
2022-12-16,39585.41,30607.45,8977.96,ok
2022-12-19,39585.41,30607.45,8977.96,ok
2022-12-20,39585.41,30607.45,8977.96,ok
2022-12-21,39585.41,30607.45,8977.96,ok
2022-12-22,39585.41,30607.45,8977.96,ok
2022-12-23,39585.41,30607.45,8977.96,ok
2022-12-26,39585.41,30607.45,8977.96,ok
2022-12-27,39585.41,30607.45,8977.96,ok
2022-12-28,39585.41,30607.45,8977.96,ok
2022-12-29,39585.41,30607.45,8977.96,ok
2022-12-30,39585.41,30607.45,8977.96,ok
2023-01-02,1759.97,5327.37,-3567.4,ok
2023-01-03,1759.97,5327.37,-3567.4,ok
2023-01-04,1759.97,5327.37,-3567.4,ok
2023-01-05,1759.97,5327.37,-3567.4,ok
2023-01-06,1759.97,5327.37,-3567.4,ok
2023-01-09,1759.97,5327.37,-3567.4,ok
2023-01-10,1759.97,5327.37,-3567.4,ok
2023-01-11,1759.97,5327.37,-3567.4,ok
2023-01-12,1759.97,5327.37,-3567.4,ok
2023-01-13,1759.97,5327.37,-3567.4,ok
2023-01-16,1759.97,5327.37,-3567.4,ok
2023-01-17,1759.97,5327.37,-3567.4,ok
2023-01-18,1759.97,5327.37,-3567.4,ok
2023-01-19,1759.97,5327.37,-3567.4,ok
2023-01-20,1759.97,5327.37,-3567.4,ok
2023-01-23,1759.97,5327.37,-3567.4,ok
2023-01-24,1759.97,5327.37,-3567.4,ok
2023-01-25,1759.97,5327.37,-3567.4,ok
2023-01-26,1759.97,5327.37,-3567.4,ok
2023-01-27,1759.97,5327.37,-3567.4,ok
2023-01-30,1759.97,5327.37,-3567.4,ok
2023-01-31,1759.97,5327.37,-3567.4,ok
2023-02-01,15167.09,19829.43,-4662.34,ok
2023-02-02,15167.09,19829.43,-4662.34,ok
2023-02-03,15167.09,19829.43,-4662.34,ok
2023-02-06,15167.09,19829.43,-4662.34,ok
2023-02-07,15167.09,19829.43,-4662.34,ok
2023-02-08,15167.09,19829.43,-4662.34,ok
2023-02-09,15167.09,19829.43,-4662.34,ok
2023-02-10,15167.09,19829.43,-4662.34,ok
2023-02-13,15167.09,19829.43,-4662.34,ok
2023-02-14,15167.09,19829.43,-4662.34,ok
2023-02-15,15167.09,19829.43,-4662.34,ok
2023-02-16,15167.09,19829.43,-4662.34,ok
2023-02-17,15167.09,19829.43,-4662.34,ok
2023-02-20,15167.09,19829.43,-4662.34,ok
2023-02-21,15167.09,19829.43,-4662.34,ok
2023-02-22,15167.09,19829.43,-4662.34,ok
2023-02-23,15167.09,19829.43,-4662.34,ok
2023-02-24,15167.09,19829.43,-4662.34,ok
2023-02-27,15167.09,19829.43,-4662.34,ok
2023-02-28,15167.09,19829.43,-4662.34,ok
2023-03-01,18424.7,23047.33,-4622.63,ok
2023-03-02,18424.7,23047.33,-4622.63,ok
2023-03-03,18424.7,23047.33,-4622.63,ok
2023-03-06,18424.7,23047.33,-4622.63,ok
2023-03-07,18424.7,23047.33,-4622.63,ok
2023-03-08,18424.7,23047.33,-4622.63,ok
2023-03-09,18424.7,23047.33,-4622.63,ok
2023-03-10,18424.7,23047.33,-4622.63,ok
2023-03-13,18424.7,23047.33,-4622.63,ok
2023-03-14,18424.7,23047.33,-4622.63,ok
2023-03-15,18424.7,23047.33,-4622.63,ok
2023-03-16,18424.7,23047.33,-4622.63,ok
2023-03-17,18424.7,23047.33,-4622.63,ok
2023-03-20,18424.7,23047.33,-4622.63,ok
2023-03-21,18424.7,23047.33,-4622.63,ok
2023-03-22,18424.7,23047.33,-4622.63,ok
2023-03-23,18424.7,23047.33,-4622.63,ok
2023-03-24,18424.7,23047.33,-4622.63,ok
2023-03-27,18424.7,23047.33,-4622.63,ok
2023-03-28,18424.7,23047.33,-4622.63,ok
2023-03-29,18424.7,23047.33,-4622.63,ok
2023-03-30,18424.7,23047.33,-4622.63,ok
2023-03-31,18424.7,23047.33,-4622.63,ok
2023-04-03,11782.15,10450.6,1331.55,ok
2023-04-04,11782.15,10450.6,1331.55,ok
2023-04-05,11782.15,10450.6,1331.55,ok
2023-04-06,11782.15,10450.6,1331.55,ok
2023-04-07,11782.15,10450.6,1331.55,ok
2023-04-10,11782.15,10450.6,1331.55,ok
2023-04-11,11782.15,10450.6,1331.55,ok
2023-04-12,11782.15,10450.6,1331.55,ok
2023-04-13,11782.15,10450.6,1331.55,ok
2023-04-14,11782.15,10450.6,1331.55,ok
2023-04-17,11782.15,10450.6,1331.55,ok
2023-04-18,11782.15,10450.6,1331.55,ok
2023-04-19,11782.15,10450.6,1331.55,ok
2023-04-20,11782.15,10450.6,1331.55,ok
2023-04-21,11782.15,10450.6,1331.55,ok
2023-04-24,11782.15,10450.6,1331.55,ok
2023-04-25,11782.15,10450.6,1331.55,ok
2023-04-26,11782.15,10450.6,1331.55,ok
2023-04-27,11782.15,10450.6,1331.55,ok
2023-04-28,11782.15,10450.6,1331.55,ok
2023-05-01,,,,holiday
2023-05-02,14361.01,10404.8,3956.21,ok
2023-05-03,14361.01,10404.8,3956.21,ok
2023-05-04,14361.01,10404.8,3956.21,ok
2023-05-05,14361.01,10404.8,3956.21,ok
2023-05-08,14361.01,10404.8,3956.21,ok
2023-05-09,14361.01,10404.8,3956.21,ok
2023-05-10,14361.01,10404.8,3956.21,ok
2023-05-11,14361.01,10404.8,3956.21,ok
2023-05-12,14361.01,10404.8,3956.21,ok
2023-05-15,14361.01,10404.8,3956.21,ok
2023-05-16,14361.01,10404.8,3956.21,ok
2023-05-17,14361.01,10404.8,3956.21,ok
2023-05-18,14361.01,10404.8,3956.21,ok
2023-05-19,14361.01,10404.8,3956.21,ok
2023-05-22,14361.01,10404.8,3956.21,ok
2023-05-23,14361.01,10404.8,3956.21,ok
2023-05-24,14361.01,10404.8,3956.21,ok
2023-05-25,14361.01,10404.8,3956.21,ok
2023-05-26,14361.01,10404.8,3956.21,ok
2023-05-29,14361.01,10404.8,3956.21,ok
2023-05-30,14361.01,10404.8,3956.21,ok
2023-05-31,14361.01,10404.8,3956.21,ok
2023-06-01,62682.42,58851.15,3831.27,ok
2023-06-02,62682.42,58851.15,3831.27,ok
2023-06-05,62682.42,58851.15,3831.27,ok
2023-06-06,62682.42,58851.15,3831.27,ok
2023-06-07,62682.42,58851.15,3831.27,ok
2023-06-08,62682.42,58851.15,3831.27,ok
2023-06-09,62682.42,58851.15,3831.27,ok
2023-06-12,62682.42,58851.15,3831.27,ok
2023-06-13,62682.42,58851.15,3831.27,ok
2023-06-14,62682.42,58851.15,3831.27,ok
2023-06-15,62682.42,58851.15,3831.27,ok
2023-06-16,62682.42,58851.15,3831.27,ok
2023-06-19,62682.42,58851.15,3831.27,ok
2023-06-20,62682.42,58851.15,3831.27,ok
2023-06-21,62682.42,58851.15,3831.27,ok
2023-06-22,62682.42,58851.15,3831.27,ok
2023-06-23,62682.42,58851.15,3831.27,ok
2023-06-26,62682.42,58851.15,3831.27,ok
2023-06-27,62682.42,58851.15,3831.27,ok
2023-06-28,62682.42,58851.15,3831.27,ok
2023-06-29,62682.42,58851.15,3831.27,ok
2023-06-30,62682.42,58851.15,3831.27,ok
2023-07-03,20324.06,10218.07,10105.99,ok
2023-07-04,20324.06,10218.07,10105.99,ok
2023-07-05,20324.06,10218.07,10105.99,ok
2023-07-06,20324.06,10218.07,10105.99,ok
2023-07-07,20324.06,10218.07,10105.99,ok
2023-07-10,20324.06,10218.07,10105.99,ok
2023-07-11,20324.06,10218.07,10105.99,ok
2023-07-12,20324.06,10218.07,10105.99,ok
2023-07-13,20324.06,10218.07,10105.99,ok
2023-07-14,20324.06,10218.07,10105.99,ok
2023-07-17,20324.06,10218.07,10105.99,ok
2023-07-18,20324.06,10218.07,10105.99,ok
2023-07-19,20324.06,10218.07,10105.99,ok
2023-07-20,20324.06,10218.07,10105.99,ok
2023-07-21,20324.06,10218.07,10105.99,ok
2023-07-24,20324.06,10218.07,10105.99,ok
2023-07-25,20324.06,10218.07,10105.99,ok
2023-07-26,20324.06,10218.07,10105.99,ok
2023-07-27,20324.06,10218.07,10105.99,ok
2023-07-28,20324.06,10218.07,10105.99,ok
2023-07-31,20324.06,10218.07,10105.99,ok
2023-08-01,12013.23,12757.09,-743.86,ok
2023-08-02,12013.23,12757.09,-743.86,ok
2023-08-03,12013.23,12757.09,-743.86,ok
2023-08-04,12013.23,12757.09,-743.86,ok
2023-08-07,12013.23,12757.09,-743.86,ok
2023-08-08,12013.23,12757.09,-743.86,ok
2023-08-09,12013.23,12757.09,-743.86,ok
2023-08-10,12013.23,12757.09,-743.86,ok
2023-08-11,12013.23,12757.09,-743.86,ok
2023-08-14,12013.23,12757.09,-743.86,ok
2023-08-15,12013.23,12757.09,-743.86,ok
2023-08-16,12013.23,12757.09,-743.86,ok
2023-08-17,12013.23,12757.09,-743.86,ok
2023-08-18,12013.23,12757.09,-743.86,ok
2023-08-21,12013.23,12757.09,-743.86,ok
2023-08-22,12013.23,12757.09,-743.86,ok
2023-08-23,12013.23,12757.09,-743.86,ok
2023-08-24,12013.23,12757.09,-743.86,ok
2023-08-25,12013.23,12757.09,-743.86,ok
2023-08-28,12013.23,12757.09,-743.86,ok
2023-08-29,12013.23,12757.09,-743.86,ok
2023-08-30,12013.23,12757.09,-743.86,ok
2023-08-31,12013.23,12757.09,-743.86,ok
2023-09-01,47524.54,46157.82,1366.72,ok
2023-09-04,47524.54,46157.82,1366.72,ok
2023-09-05,47524.54,46157.82,1366.72,ok
2023-09-06,47524.54,46157.82,1366.72,ok
2023-09-07,47524.54,46157.82,1366.72,ok
2023-09-08,47524.54,46157.82,1366.72,ok
2023-09-11,47524.54,46157.82,1366.72,ok
2023-09-12,47524.54,46157.82,1366.72,ok
2023-09-13,47524.54,46157.82,1366.72,ok
2023-09-14,47524.54,46157.82,1366.72,ok
2023-09-15,47524.54,46157.82,1366.72,ok
2023-09-18,47524.54,46157.82,1366.72,ok
2023-09-19,47524.54,46157.82,1366.72,ok
2023-09-20,47524.54,46157.82,1366.72,ok
2023-09-21,47524.54,46157.82,1366.72,ok
2023-09-22,47524.54,46157.82,1366.72,ok
2023-09-25,47524.54,46157.82,1366.72,ok
2023-09-26,47524.54,46157.82,1366.72,ok
2023-09-27,47524.54,46157.82,1366.72,ok
2023-09-28,47524.54,46157.82,1366.72,ok
2023-09-29,47524.54,46157.82,1366.72,ok
2023-10-02,,,,holiday
2023-10-03,23644.98,25596.43,-1951.45,ok
2023-10-04,23644.98,25596.43,-1951.45,ok
2023-10-05,23644.98,25596.43,-1951.45,ok
2023-10-06,23644.98,25596.43,-1951.45,ok
2023-10-09,23644.98,25596.43,-1951.45,ok
2023-10-10,23644.98,25596.43,-1951.45,ok
2023-10-11,23644.98,25596.43,-1951.45,ok
2023-10-12,23644.98,25596.43,-1951.45,ok
2023-10-13,23644.98,25596.43,-1951.45,ok
2023-10-16,23644.98,25596.43,-1951.45,ok
2023-10-17,23644.98,25596.43,-1951.45,ok
2023-10-18,23644.98,25596.43,-1951.45,ok
2023-10-19,23644.98,25596.43,-1951.45,ok
2023-10-20,23644.98,25596.43,-1951.45,ok
2023-10-23,23644.98,25596.43,-1951.45,ok
2023-10-24,23644.98,25596.43,-1951.45,ok
2023-10-25,23644.98,25596.43,-1951.45,ok
2023-10-26,23644.98,25596.43,-1951.45,ok
2023-10-27,23644.98,25596.43,-1951.45,ok
2023-10-30,23644.98,25596.43,-1951.45,ok
2023-10-31,23644.98,25596.43,-1951.45,ok
2023-11-01,11000.27,11577.64,-577.37,ok
2023-11-02,11000.27,11577.64,-577.37,ok
2023-11-03,11000.27,11577.64,-577.37,ok
2023-11-06,11000.27,11577.64,-577.37,ok
2023-11-07,11000.27,11577.64,-577.37,ok
2023-11-08,11000.27,11577.64,-577.37,ok
2023-11-09,11000.27,11577.64,-577.37,ok
2023-11-10,11000.27,11577.64,-577.37,ok
2023-11-13,11000.27,11577.64,-577.37,ok
2023-11-14,11000.27,11577.64,-577.37,ok
2023-11-15,11000.27,11577.64,-577.37,ok
2023-11-16,11000.27,11577.64,-577.37,ok
2023-11-17,11000.27,11577.64,-577.37,ok
2023-11-20,11000.27,11577.64,-577.37,ok
2023-11-21,11000.27,11577.64,-577.37,ok
2023-11-22,11000.27,11577.64,-577.37,ok
2023-11-23,11000.27,11577.64,-577.37,ok
2023-11-24,11000.27,11577.64,-577.37,ok
2023-11-27,11000.27,11577.64,-577.37,ok
2023-11-28,11000.27,11577.64,-577.37,ok
2023-11-29,11000.27,11577.64,-577.37,ok
2023-11-30,11000.27,11577.64,-577.37,ok
2023-12-01,69152.13,59530.41,9621.72,ok
2023-12-04,69152.13,59530.41,9621.72,ok
2023-12-05,69152.13,59530.41,9621.72,ok
2023-12-06,69152.13,59530.41,9621.72,ok
2023-12-07,69152.13,59530.41,9621.72,ok
2023-12-08,69152.13,59530.41,9621.72,ok
2023-12-11,69152.13,59530.41,9621.72,ok
2023-12-12,69152.13,59530.41,9621.72,ok
2023-12-13,69152.13,59530.41,9621.72,ok
2023-12-14,69152.13,59530.41,9621.72,ok
2023-12-15,69152.13,59530.41,9621.72,ok
2023-12-18,69152.13,59530.41,9621.72,ok
2023-12-19,69152.13,59530.41,9621.72,ok
2023-12-20,69152.13,59530.41,9621.72,ok
2023-12-21,69152.13,59530.41,9621.72,ok
2023-12-22,69152.13,59530.41,9621.72,ok
2023-12-25,69152.13,59530.41,9621.72,ok
2023-12-26,69152.13,59530.41,9621.72,ok
2023-12-27,69152.13,59530.41,9621.72,ok
2023-12-28,69152.13,59530.41,9621.72,ok
2023-12-29,69152.13,59530.41,9621.72,ok
2024-01-01,9675.59,8354.49,1321.1,ok
2024-01-02,9675.59,8354.49,1321.1,ok
2024-01-03,9675.59,8354.49,1321.1,ok
2024-01-04,9675.59,8354.49,1321.1,ok
2024-01-05,9675.59,8354.49,1321.1,ok
2024-01-08,9675.59,8354.49,1321.1,ok
2024-01-09,9675.59,8354.49,1321.1,ok
2024-01-10,9675.59,8354.49,1321.1,ok
2024-01-11,9675.59,8354.49,1321.1,ok
2024-01-12,9675.59,8354.49,1321.1,ok
2024-01-15,9675.59,8354.49,1321.1,ok
2024-01-16,9675.59,8354.49,1321.1,ok
2024-01-17,9675.59,8354.49,1321.1,ok
2024-01-18,9675.59,8354.49,1321.1,ok
2024-01-19,9675.59,8354.49,1321.1,ok
2024-01-22,9675.59,8354.49,1321.1,ok
2024-01-23,9675.59,8354.49,1321.1,ok
2024-01-24,9675.59,8354.49,1321.1,ok
2024-01-25,9675.59,8354.49,1321.1,ok
2024-01-26,9675.59,8354.49,1321.1,ok
2024-01-29,9675.59,8354.49,1321.1,ok
2024-01-30,9675.59,8354.49,1321.1,ok
2024-01-31,9675.59,8354.49,1321.1,ok
2024-02-01,25928.74,24206.55,1722.19,ok
2024-02-02,25928.74,24206.55,1722.19,ok
2024-02-05,25928.74,24206.55,1722.19,ok
2024-02-06,25928.74,24206.55,1722.19,ok
2024-02-07,25928.74,24206.55,1722.19,ok
2024-02-08,25928.74,24206.55,1722.19,ok
2024-02-09,25928.74,24206.55,1722.19,ok
2024-02-12,25928.74,24206.55,1722.19,ok
2024-02-13,25928.74,24206.55,1722.19,ok
2024-02-14,25928.74,24206.55,1722.19,ok
2024-02-15,25928.74,24206.55,1722.19,ok
2024-02-16,25928.74,24206.55,1722.19,ok
2024-02-19,25928.74,24206.55,1722.19,ok
2024-02-20,25928.74,24206.55,1722.19,ok
2024-02-21,25928.74,24206.55,1722.19,ok
2024-02-22,25928.74,24206.55,1722.19,ok
2024-02-23,25928.74,24206.55,1722.19,ok
2024-02-26,25928.74,24206.55,1722.19,ok
2024-02-27,25928.74,24206.55,1722.19,ok
2024-02-28,25928.74,24206.55,1722.19,ok
2024-02-29,25928.74,24206.55,1722.19,ok
2024-03-01,57348.49,53166.94,4181.55,ok
2024-03-04,57348.49,53166.94,4181.55,ok
2024-03-05,57348.49,53166.94,4181.55,ok
2024-03-06,57348.49,53166.94,4181.55,ok
2024-03-07,57348.49,53166.94,4181.55,ok
2024-03-08,57348.49,53166.94,4181.55,ok
2024-03-11,57348.49,53166.94,4181.55,ok
2024-03-12,57348.49,53166.94,4181.55,ok
2024-03-13,57348.49,53166.94,4181.55,ok
2024-03-14,57348.49,53166.94,4181.55,ok
2024-03-15,57348.49,53166.94,4181.55,ok
2024-03-18,57348.49,53166.94,4181.55,ok
2024-03-19,57348.49,53166.94,4181.55,ok
2024-03-20,57348.49,53166.94,4181.55,ok
2024-03-21,57348.49,53166.94,4181.55,ok
2024-03-22,57348.49,53166.94,4181.55,ok
2024-03-25,57348.49,53166.94,4181.55,ok
2024-03-26,57348.49,53166.94,4181.55,ok
2024-03-27,57348.49,53166.94,4181.55,ok
2024-03-28,57348.49,53166.94,4181.55,ok
2024-03-29,57348.49,53166.94,4181.55,ok
2024-04-01,1024537.8,1027443.87,-2906.07,ok
2024-04-02,39214.07,37490.03,1724.04,ok
2024-04-03,39214.07,37490.03,1724.04,ok
2024-04-04,39214.07,37490.03,1724.04,ok
2024-04-05,39214.07,37490.03,1724.04,ok
2024-04-08,39214.07,37490.03,1724.04,ok
2024-04-09,39214.07,37490.03,1724.04,ok
2024-04-10,39214.07,37490.03,1724.04,ok
2024-04-11,39214.07,37490.03,1724.04,ok
2024-04-12,39214.07,37490.03,1724.04,ok
2024-04-15,39214.07,37490.03,1724.04,ok
2024-04-16,39214.07,37490.03,1724.04,ok
2024-04-17,39214.07,37490.03,1724.04,ok
2024-04-18,39214.07,37490.03,1724.04,ok
2024-04-19,39214.07,37490.03,1724.04,ok
2024-04-22,39214.07,37490.03,1724.04,ok
2024-04-23,39214.07,37490.03,1724.04,ok
2024-04-24,39214.07,37490.03,1724.04,ok
2024-04-25,39214.07,37490.03,1724.04,ok
2024-04-26,39214.07,37490.03,1724.04,ok
2024-04-29,39214.07,37490.03,1724.04,ok
2024-04-30,39214.07,37490.03,1724.04,ok
2024-05-01,,,,holiday
2024-05-02,21724.15,19917.08,1807.07,ok
2024-05-03,21724.15,19917.08,1807.07,ok
2024-05-06,21724.15,19917.08,1807.07,ok
2024-05-07,21724.15,19917.08,1807.07,ok
2024-05-08,21724.15,19917.08,1807.07,ok
2024-05-09,21724.15,19917.08,1807.07,ok
2024-05-10,21724.15,19917.08,1807.07,ok
2024-05-13,21724.15,19917.08,1807.07,ok
2024-05-14,21724.15,19917.08,1807.07,ok
2024-05-15,21724.15,19917.08,1807.07,ok
2024-05-16,21724.15,19917.08,1807.07,ok
2024-05-17,21724.15,19917.08,1807.07,ok
2024-05-20,21724.15,19917.08,1807.07,ok
2024-05-21,21724.15,19917.08,1807.07,ok
2024-05-22,21724.15,19917.08,1807.07,ok
2024-05-23,21724.15,19917.08,1807.07,ok
2024-05-24,21724.15,19917.08,1807.07,ok
2024-05-27,21724.15,19917.08,1807.07,ok
2024-05-28,21724.15,19917.08,1807.07,ok
2024-05-29,21724.15,19917.08,1807.07,ok
2024-05-30,21724.15,19917.08,1807.07,ok
2024-05-31,21724.15,19917.08,1807.07,ok
2024-06-03,95991.36,93968.09,2023.27,ok
2024-06-04,95991.36,93968.09,2023.27,ok
2024-06-05,95991.36,93968.09,2023.27,ok
2024-06-06,95991.36,93968.09,2023.27,ok
2024-06-07,95991.36,93968.09,2023.27,ok
2024-06-10,95991.36,93968.09,2023.27,ok
2024-06-11,95991.36,93968.09,2023.27,ok
2024-06-12,95991.36,93968.09,2023.27,ok
2024-06-13,95991.36,93968.09,2023.27,ok
2024-06-14,95991.36,93968.09,2023.27,ok
2024-06-17,95991.36,93968.09,2023.27,ok
2024-06-18,95991.36,93968.09,2023.27,ok
2024-06-19,95991.36,93968.09,2023.27,ok
2024-06-20,95991.36,93968.09,2023.27,ok
2024-06-21,95991.36,93968.09,2023.27,ok
2024-06-24,95991.36,93968.09,2023.27,ok
2024-06-25,95991.36,93968.09,2023.27,ok
2024-06-26,95991.36,93968.09,2023.27,ok
2024-06-27,95991.36,93968.09,2023.27,ok
2024-06-28,95991.36,93968.09,2023.27,ok
2024-07-01,22697.21,20874.04,1823.17,ok
2024-07-02,22697.21,20874.04,1823.17,ok
2024-07-03,22697.21,20874.04,1823.17,ok
2024-07-04,22697.21,20874.04,1823.17,ok
2024-07-05,22697.21,20874.04,1823.17,ok
2024-07-08,22697.21,20874.04,1823.17,ok
2024-07-09,22697.21,20874.04,1823.17,ok
2024-07-10,22697.21,20874.04,1823.17,ok
2024-07-11,22697.21,20874.04,1823.17,ok
2024-07-12,22697.21,20874.04,1823.17,ok
2024-07-15,22697.21,20874.04,1823.17,ok
2024-07-16,22697.21,20874.04,1823.17,ok
2024-07-17,22697.21,20874.04,1823.17,ok
2024-07-18,22697.21,20874.04,1823.17,ok
2024-07-19,22697.21,20874.04,1823.17,ok
2024-07-22,22697.21,20874.04,1823.17,ok
2024-07-23,22697.21,20874.04,1823.17,ok
2024-07-24,22697.21,20874.04,1823.17,ok
2024-07-25,22697.21,20874.04,1823.17,ok
2024-07-26,22697.21,20874.04,1823.17,ok
2024-07-29,22697.21,20874.04,1823.17,ok
2024-07-30,22697.21,20874.04,1823.17,ok
2024-07-31,22697.21,20874.04,1823.17,ok
2024-08-01,21322.61,24184.19,-2861.58,ok
2024-08-02,21322.61,24184.19,-2861.58,ok
2024-08-05,21322.61,24184.19,-2861.58,ok
2024-08-06,21322.61,24184.19,-2861.58,ok
2024-08-07,21322.61,24184.19,-2861.58,ok
2024-08-08,21322.61,24184.19,-2861.58,ok
2024-08-09,21322.61,24184.19,-2861.58,ok
2024-08-12,21322.61,24184.19,-2861.58,ok
2024-08-13,21322.61,24184.19,-2861.58,ok
2024-08-14,21322.61,24184.19,-2861.58,ok
2024-08-15,21322.61,24184.19,-2861.58,ok
2024-08-16,21322.61,24184.19,-2861.58,ok
2024-08-19,21322.61,24184.19,-2861.58,ok
2024-08-20,21322.61,24184.19,-2861.58,ok
2024-08-21,21322.61,24184.19,-2861.58,ok
2024-08-22,21322.61,24184.19,-2861.58,ok
2024-08-23,21322.61,24184.19,-2861.58,ok
2024-08-26,21322.61,24184.19,-2861.58,ok
2024-08-27,21322.61,24184.19,-2861.58,ok
2024-08-28,21322.61,24184.19,-2861.58,ok
2024-08-29,21322.61,24184.19,-2861.58,ok
2024-08-30,21322.61,24184.19,-2861.58,ok
2024-09-02,86784.85,85413.16,1371.69,ok
2024-09-03,86784.85,85413.16,1371.69,ok
2024-09-04,86784.85,85413.16,1371.69,ok
2024-09-05,86784.85,85413.16,1371.69,ok
2024-09-06,86784.85,85413.16,1371.69,ok
2024-09-09,86784.85,85413.16,1371.69,ok
2024-09-10,86784.85,85413.16,1371.69,ok
2024-09-11,86784.85,85413.16,1371.69,ok
2024-09-12,86784.85,85413.16,1371.69,ok
2024-09-13,86784.85,85413.16,1371.69,ok
2024-09-16,86784.85,85413.16,1371.69,ok
2024-09-17,86784.85,85413.16,1371.69,ok
2024-09-18,86784.85,85413.16,1371.69,ok
2024-09-19,86784.85,85413.16,1371.69,ok
2024-09-20,86784.85,85413.16,1371.69,ok
2024-09-23,86784.85,85413.16,1371.69,ok
2024-09-24,86784.85,85413.16,1371.69,ok
2024-09-25,86784.85,85413.16,1371.69,ok
2024-09-26,86784.85,85413.16,1371.69,ok
2024-09-27,86784.85,85413.16,1371.69,ok
2024-09-30,86784.85,85413.16,1371.69,ok
2024-10-01,17193.32,26800.51,-9607.19,ok
2024-10-02,17193.32,26800.51,-9607.19,ok
2024-10-03,17193.32,26800.51,-9607.19,ok
2024-10-04,17193.32,26800.51,-9607.19,ok
2024-10-07,17193.32,26800.51,-9607.19,ok
2024-10-08,17193.32,26800.51,-9607.19,ok
2024-10-09,17193.32,26800.51,-9607.19,ok
2024-10-10,17193.32,26800.51,-9607.19,ok
2024-10-11,17193.32,26800.51,-9607.19,ok
2024-10-14,17193.32,26800.51,-9607.19,ok
2024-10-15,17193.32,26800.51,-9607.19,ok
2024-10-16,17193.32,26800.51,-9607.19,ok
2024-10-17,17193.32,26800.51,-9607.19,ok
2024-10-18,17193.32,26800.51,-9607.19,ok
2024-10-21,17193.32,26800.51,-9607.19,ok
2024-10-22,17193.32,26800.51,-9607.19,ok
2024-10-23,17193.32,26800.51,-9607.19,ok
2024-10-24,17193.32,26800.51,-9607.19,ok
2024-10-25,17193.32,26800.51,-9607.19,ok
2024-10-28,17193.32,26800.51,-9607.19,ok
2024-10-29,17193.32,26800.51,-9607.19,ok
2024-10-30,17193.32,26800.51,-9607.19,ok
2024-10-31,17193.32,26800.51,-9607.19,ok
2024-11-01,0.0,0.0,0.0,ok
2024-11-04,19363.65,25240.62,-5876.97,ok
2024-11-05,19363.65,25240.62,-5876.97,ok
2024-11-06,19363.65,25240.62,-5876.97,ok
2024-11-07,19363.65,25240.62,-5876.97,ok
2024-11-08,19363.65,25240.62,-5876.97,ok
2024-11-11,19363.65,25240.62,-5876.97,ok
2024-11-12,19363.65,25240.62,-5876.97,ok
2024-11-13,19363.65,25240.62,-5876.97,ok
2024-11-14,19363.65,25240.62,-5876.97,ok
2024-11-15,19363.65,25240.62,-5876.97,ok
2024-11-18,19363.65,25240.62,-5876.97,ok
2024-11-19,19363.65,25240.62,-5876.97,ok
2024-11-20,19363.65,25240.62,-5876.97,ok
2024-11-21,19363.65,25240.62,-5876.97,ok
2024-11-22,19363.65,25240.62,-5876.97,ok
2024-11-25,19363.65,25240.62,-5876.97,ok
2024-11-26,19363.65,25240.62,-5876.97,ok
2024-11-27,19363.65,25240.62,-5876.97,ok
2024-11-28,19363.65,25240.62,-5876.97,ok
2024-11-29,19363.65,25240.62,-5876.97,ok
2024-12-02,16983.42,19982.44,-2999.02,ok
2024-12-03,16983.42,19982.44,-2999.02,ok
2024-12-04,16983.42,19982.44,-2999.02,ok
2024-12-05,16983.42,19982.44,-2999.02,ok
2024-12-06,16983.42,19982.44,-2999.02,ok
2024-12-09,16983.42,19982.44,-2999.02,ok
2024-12-10,16983.42,19982.44,-2999.02,ok
2024-12-11,16983.42,19982.44,-2999.02,ok
2024-12-12,16983.42,19982.44,-2999.02,ok
2024-12-13,16983.42,19982.44,-2999.02,ok
2024-12-16,16983.42,19982.44,-2999.02,ok
2024-12-17,16983.42,19982.44,-2999.02,ok
2024-12-18,16983.42,19982.44,-2999.02,ok
2024-12-19,16983.42,19982.44,-2999.02,ok
2024-12-20,16983.42,19982.44,-2999.02,ok
2024-12-23,16983.42,19982.44,-2999.02,ok
2024-12-24,16983.42,19982.44,-2999.02,ok
2024-12-25,16983.42,19982.44,-2999.02,ok
2024-12-26,16983.42,19982.44,-2999.02,ok
2024-12-27,16983.42,19982.44,-2999.02,ok
2024-12-30,16983.42,19982.44,-2999.02,ok
2024-12-31,16983.42,19982.44,-2999.02,ok
2025-01-01,5276.18,10628.03,-5351.85,ok
2025-01-02,5276.18,10628.03,-5351.85,ok
2025-01-03,5276.18,10628.03,-5351.85,ok
2025-01-06,5276.18,10628.03,-5351.85,ok
2025-01-07,5276.18,10628.03,-5351.85,ok
2025-01-08,5276.18,10628.03,-5351.85,ok
2025-01-09,5276.18,10628.03,-5351.85,ok
2025-01-10,5276.18,10628.03,-5351.85,ok
2025-01-13,5276.18,10628.03,-5351.85,ok
2025-01-14,5276.18,10628.03,-5351.85,ok
2025-01-15,5276.18,10628.03,-5351.85,ok
2025-01-16,5276.18,10628.03,-5351.85,ok
2025-01-17,5276.18,10628.03,-5351.85,ok
2025-01-20,5276.18,10628.03,-5351.85,ok
2025-01-21,5276.18,10628.03,-5351.85,ok
2025-01-22,5276.18,10628.03,-5351.85,ok
2025-01-23,5276.18,10628.03,-5351.85,ok
2025-01-24,5276.18,10628.03,-5351.85,ok
2025-01-27,5276.18,10628.03,-5351.85,ok
2025-01-28,5276.18,10628.03,-5351.85,ok
2025-01-29,5276.18,10628.03,-5351.85,ok
2025-01-30,5276.18,10628.03,-5351.85,ok
2025-01-31,5276.18,10628.03,-5351.85,ok
2025-02-03,17449.97,17964.9,-514.93,ok
2025-02-04,17449.97,17964.9,-514.93,ok
2025-02-05,17449.97,17964.9,-514.93,ok
2025-02-06,17449.97,17964.9,-514.93,ok
2025-02-07,17449.97,17964.9,-514.93,ok
2025-02-10,17449.97,17964.9,-514.93,ok
2025-02-11,17449.97,17964.9,-514.93,ok
2025-02-12,17449.97,17964.9,-514.93,ok
2025-02-13,17449.97,17964.9,-514.93,ok
2025-02-14,17449.97,17964.9,-514.93,ok
2025-02-17,17449.97,17964.9,-514.93,ok
2025-02-18,17449.97,17964.9,-514.93,ok
2025-02-19,17449.97,17964.9,-514.93,ok
2025-02-20,17449.97,17964.9,-514.93,ok
2025-02-21,17449.97,17964.9,-514.93,ok
2025-02-24,17449.97,17964.9,-514.93,ok
2025-02-25,17449.97,17964.9,-514.93,ok
2025-02-26,17449.97,17964.9,-514.93,ok
2025-02-27,17449.97,17964.9,-514.93,ok
2025-02-28,17449.97,17964.9,-514.93,ok
2025-03-03,40078.79,52088.57,-12009.78,ok
2025-03-04,40078.79,52088.57,-12009.78,ok
2025-03-05,40078.79,52088.57,-12009.78,ok
2025-03-06,40078.79,52088.57,-12009.78,ok
2025-03-07,40078.79,52088.57,-12009.78,ok
2025-03-10,40078.79,52088.57,-12009.78,ok
2025-03-11,40078.79,52088.57,-12009.78,ok
2025-03-12,40078.79,52088.57,-12009.78,ok
2025-03-13,40078.79,52088.57,-12009.78,ok
2025-03-14,40078.79,52088.57,-12009.78,ok
2025-03-17,40078.79,52088.57,-12009.78,ok
2025-03-18,40078.79,52088.57,-12009.78,ok
2025-03-19,40078.79,52088.57,-12009.78,ok
2025-03-20,40078.79,52088.57,-12009.78,ok
2025-03-21,40078.79,52088.57,-12009.78,ok
2025-03-24,40078.79,52088.57,-12009.78,ok
2025-03-25,40078.79,52088.57,-12009.78,ok
2025-03-26,40078.79,52088.57,-12009.78,ok
2025-03-27,40078.79,52088.57,-12009.78,ok
2025-03-28,40078.79,52088.57,-12009.78,ok
2025-03-31,40078.79,52088.57,-12009.78,ok
2025-04-01,0.0,0.0,0.0,ok
2025-04-02,25621.41,32606.14,-6984.73,ok
2025-04-03,25621.41,32606.14,-6984.73,ok
2025-04-04,25621.41,32606.14,-6984.73,ok
2025-04-07,25621.41,32606.14,-6984.73,ok
2025-04-08,25621.41,32606.14,-6984.73,ok
2025-04-09,25621.41,32606.14,-6984.73,ok
2025-04-10,25621.41,32606.14,-6984.73,ok
2025-04-11,25621.41,32606.14,-6984.73,ok
2025-04-14,25621.41,32606.14,-6984.73,ok
2025-04-15,25621.41,32606.14,-6984.73,ok
2025-04-16,25621.41,32606.14,-6984.73,ok
2025-04-17,25621.41,32606.14,-6984.73,ok
2025-04-18,25621.41,32606.14,-6984.73,ok
2025-04-21,25621.41,32606.14,-6984.73,ok
2025-04-22,25621.41,32606.14,-6984.73,ok
2025-04-23,25621.41,32606.14,-6984.73,ok
2025-04-24,25621.41,32606.14,-6984.73,ok
2025-04-25,25621.41,32606.14,-6984.73,ok
2025-04-28,25621.41,32606.14,-6984.73,ok
2025-04-29,25621.41,32606.14,-6984.73,ok
2025-04-30,25621.41,32606.14,-6984.73,ok
2025-05-01,,,,holiday
2025-05-02,25356.94,25183.89,173.05,ok
2025-05-05,25356.94,25183.89,173.05,ok
2025-05-06,25356.94,25183.89,173.05,ok
2025-05-07,25356.94,25183.89,173.05,ok
2025-05-08,25356.94,25183.89,173.05,ok
2025-05-09,25356.94,25183.89,173.05,ok
2025-05-12,25356.94,25183.89,173.05,ok
2025-05-13,25356.94,25183.89,173.05,ok
2025-05-14,25356.94,25183.89,173.05,ok
2025-05-15,25356.94,25183.89,173.05,ok
2025-05-16,25356.94,25183.89,173.05,ok
2025-05-19,25356.94,25183.89,173.05,ok
2025-05-20,25356.94,25183.89,173.05,ok
2025-05-21,25356.94,25183.89,173.05,ok
2025-05-22,25356.94,25183.89,173.05,ok
2025-05-23,25356.94,25183.89,173.05,ok
2025-05-26,25356.94,25183.89,173.05,ok
2025-05-27,25356.94,25183.89,173.05,ok
2025-05-28,25356.94,25183.89,173.05,ok
2025-05-29,25356.94,25183.89,173.05,ok
2025-05-30,25356.94,25183.89,173.05,ok
2025-06-02,48728.06,56947.21,-8219.15,ok
2025-06-03,48728.06,56947.21,-8219.15,ok
2025-06-04,48728.06,56947.21,-8219.15,ok
2025-06-05,48728.06,56947.21,-8219.15,ok
2025-06-06,48728.06,56947.21,-8219.15,ok
2025-06-09,48728.06,56947.21,-8219.15,ok
2025-06-10,48728.06,56947.21,-8219.15,ok
2025-06-11,48728.06,56947.21,-8219.15,ok
2025-06-12,48728.06,56947.21,-8219.15,ok
2025-06-13,48728.06,56947.21,-8219.15,ok
2025-06-16,48728.06,56947.21,-8219.15,ok
2025-06-17,48728.06,56947.21,-8219.15,ok
2025-06-18,48728.06,56947.21,-8219.15,ok
2025-06-19,48728.06,56947.21,-8219.15,ok
2025-06-20,48728.06,56947.21,-8219.15,ok
2025-06-23,48728.06,56947.21,-8219.15,ok
2025-06-24,48728.06,56947.21,-8219.15,ok
2025-06-25,48728.06,56947.21,-8219.15,ok
2025-06-26,48728.06,56947.21,-8219.15,ok
2025-06-27,48728.06,56947.21,-8219.15,ok
2025-06-30,48728.06,56947.21,-8219.15,ok
2025-07-01,14375.16,14329.29,45.87,ok
2025-07-02,14375.16,14329.29,45.87,ok
2025-07-03,14375.16,14329.29,45.87,ok
2025-07-04,14375.16,14329.29,45.87,ok
2025-07-07,14375.16,14329.29,45.87,ok
2025-07-08,14375.16,14329.29,45.87,ok
2025-07-09,14375.16,14329.29,45.87,ok
2025-07-10,14375.16,14329.29,45.87,ok
2025-07-11,14375.16,14329.29,45.87,ok
2025-07-14,14375.16,14329.29,45.87,ok
2025-07-15,14375.16,14329.29,45.87,ok
2025-07-16,14375.16,14329.29,45.87,ok
2025-07-17,14375.16,14329.29,45.87,ok
2025-07-18,14375.16,14329.29,45.87,ok
2025-07-21,14375.16,14329.29,45.87,ok
2025-07-22,14375.16,14329.29,45.87,ok
2025-07-23,14375.16,14329.29,45.87,ok
2025-07-24,14375.16,14329.29,45.87,ok
2025-07-25,14375.16,14329.29,45.87,ok
2025-07-28,14375.16,14329.29,45.87,ok
2025-07-29,14375.16,14329.29,45.87,ok
2025-07-30,14375.16,14329.29,45.87,ok
2025-07-31,14375.16,14329.29,45.87,ok
2025-08-01,15721.34,21901.63,-6180.29,ok
2025-08-04,15721.34,21901.63,-6180.29,ok
2025-08-05,15721.34,21901.63,-6180.29,ok
2025-08-06,15721.34,21901.63,-6180.29,ok
2025-08-07,15721.34,21901.63,-6180.29,ok
2025-08-08,15721.34,21901.63,-6180.29,ok
2025-08-11,15721.34,21901.63,-6180.29,ok
2025-08-12,15721.34,21901.63,-6180.29,ok
2025-08-13,15721.34,21901.63,-6180.29,ok
2025-08-14,15721.34,21901.63,-6180.29,ok
2025-08-15,15721.34,21901.63,-6180.29,ok
2025-08-18,15721.34,21901.63,-6180.29,ok
2025-08-19,15721.34,21901.63,-6180.29,ok
2025-08-20,15721.34,21901.63,-6180.29,ok
2025-08-21,15721.34,21901.63,-6180.29,ok
2025-08-22,15721.34,21901.63,-6180.29,ok
2025-08-25,15721.34,21901.63,-6180.29,ok
2025-08-26,15721.34,21901.63,-6180.29,ok
2025-08-27,15721.34,21901.63,-6180.29,ok
2025-08-28,15721.34,21901.63,-6180.29,ok
2025-08-29,15721.34,21901.63,-6180.29,ok
2025-09-01,12455.6,21480.29,-9024.69,ok
2025-09-02,12455.6,21480.29,-9024.69,ok
2025-09-03,12455.6,21480.29,-9024.69,ok
2025-09-04,12455.6,21480.29,-9024.69,ok
2025-09-05,12455.6,21480.29,-9024.69,ok
2025-09-08,12455.6,21480.29,-9024.69,ok
2025-09-09,12455.6,21480.29,-9024.69,ok
2025-09-10,12455.6,21480.29,-9024.69,ok
2025-09-11,12455.6,21480.29,-9024.69,ok
2025-09-12,12455.6,21480.29,-9024.69,ok
2025-09-15,12455.6,21480.29,-9024.69,ok
2025-09-16,12455.6,21480.29,-9024.69,ok
2025-09-17,12455.6,21480.29,-9024.69,ok
2025-09-18,12455.6,21480.29,-9024.69,ok
2025-09-19,12455.6,21480.29,-9024.69,ok
2025-09-22,12455.6,21480.29,-9024.69,ok
2025-09-23,12455.6,21480.29,-9024.69,ok
2025-09-24,12455.6,21480.29,-9024.69,ok
2025-09-25,12455.6,21480.29,-9024.69,ok
2025-09-26,12455.6,21480.29,-9024.69,ok
2025-09-29,12455.6,21480.29,-9024.69,ok
2025-09-30,12455.6,21480.29,-9024.69,ok
2025-10-01,18109.49,22731.68,-4622.19,ok
2025-10-02,18109.49,22731.68,-4622.19,ok
2025-10-03,18109.49,22731.68,-4622.19,ok
2025-10-06,18109.49,22731.68,-4622.19,ok
2025-10-07,18109.49,22731.68,-4622.19,ok
2025-10-08,18109.49,22731.68,-4622.19,ok
2025-10-09,18109.49,22731.68,-4622.19,ok
2025-10-10,18109.49,22731.68,-4622.19,ok
2025-10-13,18109.49,22731.68,-4622.19,ok
2025-10-14,18109.49,22731.68,-4622.19,ok
2025-10-15,18109.49,22731.68,-4622.19,ok
2025-10-16,18109.49,22731.68,-4622.19,ok
2025-10-17,18109.49,22731.68,-4622.19,ok
2025-10-20,18109.49,22731.68,-4622.19,ok
2025-10-21,18109.49,22731.68,-4622.19,ok
2025-10-22,18109.49,22731.68,-4622.19,ok
2025-10-23,18109.49,22731.68,-4622.19,ok
2025-10-24,18109.49,22731.68,-4622.19,ok
2025-10-27,18109.49,22731.68,-4622.19,ok
2025-10-28,18109.49,22731.68,-4622.19,ok
2025-10-29,18109.49,22731.68,-4622.19,ok
2025-10-30,18109.49,22731.68,-4622.19,ok
2025-10-31,18109.49,22731.68,-4622.19,ok
2025-11-03,11930.08,19535.81,-7605.73,ok
2025-11-04,11930.08,19535.81,-7605.73,ok
2025-11-05,11930.08,19535.81,-7605.73,ok
2025-11-06,11930.08,19535.81,-7605.73,ok
2025-11-07,11930.08,19535.81,-7605.73,ok
2025-11-10,11930.08,19535.81,-7605.73,ok
2025-11-11,11930.08,19535.81,-7605.73,ok
2025-11-12,11930.08,19535.81,-7605.73,ok
2025-11-13,11930.08,19535.81,-7605.73,ok
2025-11-14,11930.08,19535.81,-7605.73,ok
2025-11-17,11930.08,19535.81,-7605.73,ok
2025-11-18,11930.08,19535.81,-7605.73,ok
2025-11-19,11930.08,19535.81,-7605.73,ok
2025-11-20,11930.08,19535.81,-7605.73,ok
2025-11-21,11930.08,19535.81,-7605.73,ok
2025-11-24,11930.08,19535.81,-7605.73,ok
2025-11-25,11930.08,19535.81,-7605.73,ok
2025-11-26,11930.08,19535.81,-7605.73,ok
2025-11-27,11930.08,19535.81,-7605.73,ok
2025-11-28,11930.08,19535.81,-7605.73,ok
2025-12-01,10621.15,14160.11,-3538.96,ok
2025-12-02,10621.15,14160.11,-3538.96,ok
2025-12-03,10621.15,14160.11,-3538.96,ok
2025-12-04,10621.15,14160.11,-3538.96,ok
2025-12-05,10621.15,14160.11,-3538.96,ok
2025-12-08,10621.15,14160.11,-3538.96,ok
2025-12-09,10621.15,14160.11,-3538.96,ok
2025-12-10,10621.15,14160.11,-3538.96,ok
2025-12-11,10621.15,14160.11,-3538.96,ok
2025-12-12,10621.15,14160.11,-3538.96,ok
2025-12-15,10621.15,14160.11,-3538.96,ok
2025-12-16,10621.15,14160.11,-3538.96,ok
2025-12-17,10621.15,14160.11,-3538.96,ok
2025-12-18,10621.15,14160.11,-3538.96,ok
2025-12-19,10621.15,14160.11,-3538.96,ok
2025-12-22,10621.15,14160.11,-3538.96,ok
2025-12-23,10621.15,14160.11,-3538.96,ok
2025-12-24,10621.15,14160.11,-3538.96,ok
2025-12-25,10621.15,14160.11,-3538.96,ok
2025-12-26,10621.15,14160.11,-3538.96,ok
2025-12-29,10621.15,14160.11,-3538.96,ok
2025-12-30,10621.15,14160.11,-3538.96,ok
2025-12-31,10621.15,14160.11,-3538.96,ok
2026-01-01,5529.85,10117.81,-4587.96,ok
2026-01-02,5529.85,10117.81,-4587.96,ok
2026-01-05,5529.85,10117.81,-4587.96,ok
2026-01-06,5529.85,10117.81,-4587.96,ok
2026-01-07,5529.85,10117.81,-4587.96,ok
2026-01-08,5529.85,10117.81,-4587.96,ok
2026-01-09,5529.85,10117.81,-4587.96,ok
2026-01-12,5529.85,10117.81,-4587.96,ok
2026-01-13,5529.85,10117.81,-4587.96,ok
2026-01-14,5529.85,10117.81,-4587.96,ok
2026-01-15,5529.85,10117.81,-4587.96,ok
2026-01-16,5529.85,10117.81,-4587.96,ok
2026-01-19,5529.85,10117.81,-4587.96,ok
2026-01-20,5529.85,10117.81,-4587.96,ok
2026-01-21,5529.85,10117.81,-4587.96,ok
2026-01-22,5529.85,10117.81,-4587.96,ok
2026-01-23,5529.85,10117.81,-4587.96,ok
2026-01-26,5529.85,10117.81,-4587.96,ok
2026-01-27,5529.85,10117.81,-4587.96,ok
2026-01-28,5529.85,10117.81,-4587.96,ok
2026-01-29,5529.85,10117.81,-4587.96,ok
2026-01-30,5529.85,10117.81,-4587.96,ok
2026-02-02,32427.99,30571.65,1856.34,ok
2026-02-03,32427.99,30571.65,1856.34,ok
2026-02-04,32427.99,30571.65,1856.34,ok
2026-02-05,32427.99,30571.65,1856.34,ok
2026-02-06,32427.99,30571.65,1856.34,ok
2026-02-09,32427.99,30571.65,1856.34,ok
2026-02-10,32427.99,30571.65,1856.34,ok
2026-02-11,32427.99,30571.65,1856.34,ok
2026-02-12,32427.99,30571.65,1856.34,ok
2026-02-13,32427.99,30571.65,1856.34,ok
2026-02-16,32427.99,30571.65,1856.34,ok
2026-02-17,32427.99,30571.65,1856.34,ok
2026-02-18,32427.99,30571.65,1856.34,ok
2026-02-19,32427.99,30571.65,1856.34,ok
2026-02-20,32427.99,30571.65,1856.34,ok
2026-02-23,32427.99,30571.65,1856.34,ok
2026-02-24,32427.99,30571.65,1856.34,ok
2026-02-25,32427.99,30571.65,1856.34,ok
2026-02-26,32427.99,30571.65,1856.34,ok
2026-02-27,32427.99,30571.65,1856.34,ok
2026-03-02,38228.4,45060.35,-6831.95,ok
2026-03-03,38228.4,45060.35,-6831.95,ok
2026-03-04,38228.4,45060.35,-6831.95,ok
2026-03-05,38228.4,45060.35,-6831.95,ok
2026-03-06,38228.4,45060.35,-6831.95,ok
2026-03-09,38228.4,45060.35,-6831.95,ok
2026-03-10,38228.4,45060.35,-6831.95,ok
2026-03-11,38228.4,45060.35,-6831.95,ok
2026-03-12,38228.4,45060.35,-6831.95,ok
2026-03-13,38228.4,45060.35,-6831.95,ok
2026-03-16,38228.4,45060.35,-6831.95,ok
2026-03-17,38228.4,45060.35,-6831.95,ok
2026-03-18,38228.4,45060.35,-6831.95,ok
2026-03-19,38228.4,45060.35,-6831.95,ok
2026-03-20,38228.4,45060.35,-6831.95,ok
2026-03-23,38228.4,45060.35,-6831.95,ok
2026-03-24,38228.4,45060.35,-6831.95,ok
2026-03-25,38228.4,45060.35,-6831.95,ok
2026-03-26,38228.4,45060.35,-6831.95,ok
2026-03-27,38228.4,45060.35,-6831.95,ok
2026-03-30,38228.4,45060.35,-6831.95,ok
2026-03-31,38228.4,45060.35,-6831.95,ok
2026-04-01,0.0,0.0,0.0,ok
2026-04-02,40564.17,60953.73,-20389.56,ok
2026-04-03,40564.17,60953.73,-20389.56,ok
2026-04-06,40564.17,60953.73,-20389.56,ok
2026-04-07,40564.17,60953.73,-20389.56,ok
2026-04-08,40564.17,60953.73,-20389.56,ok
2026-04-09,40564.17,60953.73,-20389.56,ok
2026-04-10,40564.17,60953.73,-20389.56,ok
2026-04-13,40564.17,60953.73,-20389.56,ok
2026-04-14,40564.17,60953.73,-20389.56,ok
2026-04-15,40564.17,60953.73,-20389.56,ok
2026-04-16,40564.17,60953.73,-20389.56,ok
2026-04-17,40564.17,60953.73,-20389.56,ok
2026-04-20,40564.17,60953.73,-20389.56,ok
2026-04-21,40564.17,60953.73,-20389.56,ok
2026-04-22,40564.17,60953.73,-20389.56,ok
2026-04-23,40564.17,60953.73,-20389.56,ok
2026-04-24,40564.17,60953.73,-20389.56,ok
2026-04-27,40564.17,60953.73,-20389.56,ok
2026-04-28,40564.17,60953.73,-20389.56,ok
2026-04-29,40564.17,60953.73,-20389.56,ok
2026-04-30,40564.17,60953.73,-20389.56,ok
2026-05-01,,,,holiday
2026-05-04,15512.66,23548.35,-8035.69,ok
2026-05-05,15512.66,23548.35,-8035.69,ok
2026-05-06,15512.66,23548.35,-8035.69,ok
2026-05-07,15512.66,23548.35,-8035.69,ok
2026-05-08,15512.66,23548.35,-8035.69,ok
2026-05-11,15512.66,23548.35,-8035.69,ok
2026-05-12,15512.66,23548.35,-8035.69,ok
2026-05-13,15512.66,23548.35,-8035.69,ok
2026-05-14,15512.66,23548.35,-8035.69,ok
2026-05-15,15512.66,23548.35,-8035.69,ok
2026-05-18,15512.66,23548.35,-8035.69,ok
2026-05-19,15512.66,23548.35,-8035.69,ok
2026-05-20,15512.66,23548.35,-8035.69,ok
2026-05-21,15512.66,23548.35,-8035.69,ok
2026-05-22,15512.66,23548.35,-8035.69,ok
2026-05-25,15512.66,23548.35,-8035.69,ok
2026-05-26,15512.66,23548.35,-8035.69,ok
2026-05-27,15512.66,23548.35,-8035.69,ok
2026-05-28,15512.66,23548.35,-8035.69,ok
2026-05-29,15512.66,23548.35,-8035.69,ok
2026-06-01,93095.23,115196.98,-22101.75,ok
2026-06-02,93095.23,115196.98,-22101.75,ok
2026-06-03,93095.23,115196.98,-22101.75,ok
2026-06-04,93095.23,115196.98,-22101.75,ok
2026-06-05,93095.23,115196.98,-22101.75,ok
