Date,dcc_avg_corr
2019-01-03,0.24316353584866338
2019-01-04,0.24465029928291693
2019-01-07,0.2439083007804831
2019-01-08,0.2433063409272469
2019-01-09,0.24183233775250143
2019-01-10,0.24198820234835985
2019-01-11,0.24234865465729366
2019-01-14,0.24119679715000827
2019-01-15,0.23905050906483605
2019-01-16,0.2421558706716753
2019-01-17,0.24156847948092353
2019-01-18,0.2399087778764566
2019-01-21,0.23641300869968324
2019-01-22,0.23463958499471443
2019-01-23,0.23380824479416903
2019-01-24,0.2325008795886014
2019-01-25,0.2322412542558558
2019-01-28,0.22945279728575688
2019-01-29,0.23040385436391497
2019-01-30,0.23016858909259408
2019-01-31,0.22693953719308746
2019-02-01,0.23155005313693888
2019-02-04,0.2322498375067229
2019-02-05,0.2309974955576877
2019-02-06,0.23026011442330643
2019-02-07,0.23179696225258775
2019-02-08,0.23184247920489873
2019-02-11,0.23393293546311653
2019-02-12,0.23409616315636583
2019-02-14,0.23406589562242128
2019-02-15,0.2345991317431913
2019-02-18,0.23439515365848695
2019-02-19,0.23504095639630482
2019-02-20,0.23455893447869502
2019-02-21,0.2362085457969459
2019-02-22,0.23641183146892975
2019-02-25,0.23595680606008637
2019-02-26,0.23713855094675151
2019-02-27,0.2363023120965305
2019-02-28,0.23529579538942472
2019-03-01,0.2338523143616472
2019-03-05,0.23408022589141309
2019-03-06,0.23357313129270488
2019-03-07,0.23286346967363775
2019-03-08,0.23181109033507225
2019-03-11,0.23144292124934462
2019-03-12,0.23221261051620404
2019-03-13,0.2328241914495893
2019-03-14,0.2311431234133206
2019-03-15,0.23112025110942955
2019-03-18,0.22923914260864922
2019-03-19,0.2278299463816777
2019-03-20,0.22853692649061338
2019-03-22,0.22717762767626715
2019-03-25,0.22778783967186533
2019-03-26,0.22758150073969524
2019-03-27,0.2281582814628819
2019-03-28,0.22868728567834853
2019-04-01,0.22897748589776915
2019-04-02,0.22942150251647989
2019-04-03,0.22885663824237637
2019-04-04,0.22925564650240582
2019-04-05,0.22947392927996813
2019-04-08,0.22950709145393705
2019-04-09,0.22897069287956007
2019-04-10,0.22947482747910333
2019-04-11,0.228545519108646
2019-04-12,0.2278166200731383
2019-04-15,0.22757358702664354
2019-04-16,0.22554455347558003
2019-04-18,0.22619458609509632
2019-04-22,0.22545387909161804
2019-04-23,0.22708616624674366
2019-04-24,0.22572830822113568
2019-04-25,0.2278976561663483
2019-04-26,0.22807968020895697
2019-04-30,0.22837253349872097
2019-05-02,0.22756064898088751
2019-05-03,0.22687712608194804
2019-05-06,0.22630521367670486
2019-05-07,0.22631266673990585
2019-05-08,0.22521538411811268
2019-05-09,0.22853582951640075
2019-05-10,0.22813974040968296
2019-05-13,0.22881685044666344
2019-05-14,0.22971917853099447
2019-05-15,0.2287691248981546
2019-05-16,0.22785818831677387
2019-05-17,0.22916233979898823
2019-05-20,0.2293317378982359
2019-05-21,0.23270850588056793
2019-05-22,0.23248049297434925
2019-05-23,0.23216044310254114
2019-05-24,0.2335314341940731
2019-05-27,0.2344000212514461
2019-05-28,0.23374616686412106
2019-05-29,0.2333853780835394
2019-05-30,0.23267728932959914
2019-05-31,0.23261342347122627
2019-06-03,0.23132179849753706
2019-06-04,0.2341815445094678
2019-06-06,0.23424837099988297
2019-06-07,0.23566563749280903
2019-06-10,0.23494592361691283
2019-06-11,0.2353272155188795
2019-06-12,0.23475745158090144
2019-06-13,0.2346597298282708
2019-06-14,0.23453590262657772
2019-06-17,0.23510256810409924
2019-06-18,0.23819950000464077
2019-06-19,0.23737258637207
2019-06-20,0.23711297412763144
2019-06-21,0.23730485088563322
2019-06-24,0.23962576511277198
2019-06-25,0.239416759140774
2019-06-26,0.24000849251803227
2019-06-27,0.23946941250714487
2019-06-28,0.23859938516175436
2019-07-01,0.23819337518472622
2019-07-02,0.23712229188145065
2019-07-03,0.23648198023872719
2019-07-04,0.23639630161357678
2019-07-05,0.23651103983510224
2019-07-08,0.2404171570932551
2019-07-09,0.24902888436141274
2019-07-10,0.24640868321749443
2019-07-11,0.24583984166110182
2019-07-12,0.24580964435712377
2019-07-15,0.24548707701259698
2019-07-16,0.2424084278737469
2019-07-17,0.24269450265061704
2019-07-18,0.24222728327007134
2019-07-19,0.24132353073210386
2019-07-22,0.2447024002219812
2019-07-23,0.24120514250266437
2019-07-24,0.24046889818219844
2019-07-25,0.23996129391865223
2019-07-26,0.2383262288492707
2019-07-29,0.23696996859735162
2019-07-30,0.23537123890113257
2019-07-31,0.23465572915192148
2019-08-01,0.23259283880893636
2019-08-02,0.2320322483194275
2019-08-05,0.2311907571846414
2019-08-06,0.23218101265944466
2019-08-07,0.23131650999363387
2019-08-08,0.23045725201055597
2019-08-09,0.2344753350986481
2019-08-13,0.23369986763981637
2019-08-14,0.23083538225803168
2019-08-16,0.22905194620256691
2019-08-19,0.22849827053954705
2019-08-20,0.22836756166827324
2019-08-21,0.22708087816607664
2019-08-22,0.2277219626147977
2019-08-23,0.22696964669451067
2019-08-26,0.22661649411918047
2019-08-27,0.22736076022378207
2019-08-28,0.22686657228579515
2019-08-29,0.22746452453569097
2019-08-30,0.22625574426685996
2019-09-03,0.22800169340583887
2019-09-04,0.23270607499878918
2019-09-05,0.23141768893612638
2019-09-06,0.2306281432876946
2019-09-09,0.23014121528702203
2019-09-11,0.23023311575826386
2019-09-12,0.22924041854935498
2019-09-13,0.2292514954857581
2019-09-16,0.2291535126998292
2019-09-17,0.2292078856745776
2019-09-18,0.2311936148828053
2019-09-19,0.23093358921377308
2019-09-20,0.2342716131912025
2019-09-23,0.25409158934348147
2019-09-24,0.24525237248617412
2019-09-25,0.24458062798760005
2019-09-26,0.2442736229602854
2019-09-27,0.2440625099144226
2019-09-30,0.24406597894561466
2019-10-01,0.2422434192613262
2019-10-03,0.24297662395474462
2019-10-04,0.24248919961086338
2019-10-07,0.24240646564730786
2019-10-09,0.24224129477648512
2019-10-10,0.24160065061935934
2019-10-11,0.24077016762580225
2019-10-14,0.24056107352030276
2019-10-15,0.23964588183787594
2019-10-16,0.24009631781714436
2019-10-17,0.23992743427042412
2019-10-18,0.24082433414781002
2019-10-22,0.24090934457076502
2019-10-23,0.23229398853141875
2019-10-24,0.2320359951231438
2019-10-25,0.23128821653148535
2019-10-27,0.23049835380723965
2019-10-29,0.23053375952335003
2019-10-30,0.23453647807641073
2019-10-31,0.23320111876774227
2019-11-01,0.2322863266091689
2019-11-04,0.2314909612801207
2019-11-05,0.2306815846270294
2019-11-06,0.22994534328465144
2019-11-07,0.2290460540069568
2019-11-08,0.22768353323625348
2019-11-11,0.2321927312693423
2019-11-13,0.23188289442058346
2019-11-14,0.22992439181554297
2019-11-15,0.22925219105911007
2019-11-18,0.2293418001633276
2019-11-19,0.22921415377589763
2019-11-20,0.22764855615944363
2019-11-21,0.22773312623726302
2019-11-22,0.22716711173562265
2019-11-25,0.22690322787159153
2019-11-26,0.2275500396473024
2019-11-27,0.22659564872675728
2019-11-28,0.22698261852822552
2019-11-29,0.22659013610304513
2019-12-02,0.2289456702076061
2019-12-03,0.2291312153094601
2019-12-04,0.22926855708740893
2019-12-05,0.2294070791235167
2019-12-06,0.22876234223026304
2019-12-09,0.229878503789789
2019-12-10,0.22895142252897324
2019-12-11,0.22886048423516522
2019-12-12,0.2293234529120163
2019-12-13,0.22869692018266277
2019-12-16,0.2285770954537448
2019-12-17,0.22865992467842478
2019-12-18,0.2286410147303635
2019-12-19,0.22848237579228178
2019-12-20,0.22793511865821195
2019-12-23,0.2277080344564732
2019-12-24,0.22723721506074113
2019-12-26,0.227658469422756
2019-12-27,0.22835166327799813
2019-12-30,0.22930070549297743
2019-12-31,0.22917147478762592
2020-01-01,0.22996604767946305
2020-01-02,0.22988934446709472
2020-01-03,0.23014680903437773
2020-01-06,0.22859851349664395
2020-01-07,0.2347047152086893
2020-01-08,0.2344286776840829
2020-01-09,0.23371272020607436
2020-01-10,0.23410003151673048
2020-01-13,0.2341086463812929
2020-01-14,0.23395641214714968
2020-01-15,0.23400461192842859
2020-01-16,0.23292733000996044
2020-01-17,0.2327608914140776
2020-01-20,0.2321514584861241
2020-01-21,0.23368848281157686
2020-01-22,0.23465739431540256
2020-01-23,0.23391635403583247
2020-01-24,0.23391184480040045
2020-01-27,0.23363086945316042
2020-01-28,0.23119039060673782
2020-01-29,0.23054146480451007
2020-01-30,0.22938319802954718
2020-01-31,0.23125703299306416
2020-02-03,0.23536626960567586
2020-02-04,0.2247871120762174
2020-02-05,0.2308193089641091
2020-02-06,0.22968095219945894
2020-02-07,0.22918245490475772
2020-02-10,0.22899662663546963
2020-02-11,0.22921374597672858
2020-02-12,0.22952732682909077
2020-02-13,0.2303125307156898
2020-02-14,0.22944696287320376
2020-02-17,0.23021356660575187
2020-02-18,0.2303260857993062
2020-02-19,0.2305195747808293
2020-02-20,0.23136518006070173
2020-02-24,0.2315031372394746
2020-02-25,0.24090197317278592
2020-02-26,0.2400682566809903
2020-02-27,0.24293628941071047
2020-02-28,0.24116443917343142
2020-03-02,0.2642854152032167
2020-03-03,0.2635685259480027
2020-03-04,0.26565039212348696
2020-03-05,0.2614431990794515
2020-03-06,0.26030040453437425
2020-03-09,0.2638585928698785
2020-03-11,0.29235382950711664
2020-03-12,0.29068817563119564
2020-03-13,0.34221823442930865
2020-03-16,0.3415170858164366
2020-03-17,0.3543797553364057
2020-03-18,0.3510743417438493
2020-03-19,0.3490433354096333
2020-03-20,0.3463322302538343
2020-03-23,0.3525587300735465
2020-03-24,0.3757471252992713
2020-03-25,0.37394668046172913
2020-03-26,0.3720063428891276
2020-03-27,0.3697706519093738
2020-03-30,0.3666994026305212
2020-03-31,0.36384593030853885
2020-04-01,0.363629220016275
2020-04-03,0.3626960858100188
2020-04-07,0.35758522935944215
2020-04-08,0.36761449099539717
2020-04-09,0.36463745214232013
2020-04-13,0.36256312643024036
2020-04-15,0.3596653702873139
2020-04-16,0.35626557781888946
2020-04-17,0.35360717964037747
2020-04-20,0.3514855855942806
2020-04-21,0.3480055614769289
2020-04-22,0.34611635678742664
2020-04-23,0.34347430196642004
2020-04-24,0.34026748258815154
2020-04-27,0.33809974921327035
2020-04-28,0.33618742224571113
2020-04-29,0.33313625975349603
2020-04-30,0.33024474287390854
2020-05-04,0.3285551480155515
2020-05-05,0.3338550635282997
2020-05-06,0.33198435216236805
2020-05-07,0.32821956705114963
2020-05-08,0.3262498101420216
2020-05-11,0.3233273099568328
2020-05-12,0.32029447469048733
2020-05-13,0.31684345364458094
2020-05-14,0.31490325540941033
2020-05-15,0.3140653495734362
2020-05-18,0.31227712383549705
2020-05-19,0.31114675944268194
2020-05-20,0.30880579181315443
2020-05-21,0.30890880616109917
2020-05-22,0.3057009129822967
2020-05-26,0.30260196038267334
2020-05-27,0.29999785528212375
2020-05-28,0.3008636660332789
2020-05-29,0.29953695857624696
2020-06-01,0.29871020861905645
2020-06-02,0.29730696915357874
2020-06-03,0.29533291860717475
2020-06-04,0.2937703377061074
2020-06-05,0.29117316451006187
2020-06-08,0.2891960551631295
2020-06-09,0.2870962007146576
2020-06-10,0.28476932479586586
2020-06-11,0.28342026340873167
2020-06-12,0.2881501116088745
2020-06-15,0.2853327878765309
2020-06-16,0.2836609741059628
2020-06-17,0.28175695744926343
2020-06-18,0.28000894212645616
2020-06-19,0.27910313214777294
2020-06-22,0.278958789659909
2020-06-23,0.27742428231536514
2020-06-24,0.2779640839970051
2020-06-25,0.27720820726810586
2020-06-26,0.274585386661122
2020-06-29,0.27024976497095404
2020-06-30,0.269116089421542
2020-07-01,0.2677951662905252
2020-07-02,0.26607821236009843
2020-07-03,0.26562782737243545
2020-07-06,0.26475532493608706
2020-07-07,0.2645384199266467
2020-07-08,0.26145787512618285
2020-07-09,0.25993071049263405
2020-07-10,0.25895810516646767
2020-07-13,0.25650638644332974
2020-07-14,0.25514745908726455
2020-07-15,0.2570270994417984
2020-07-16,0.2509949891205332
2020-07-17,0.24955032033603566
2020-07-20,0.24943205871570262
2020-07-21,0.2468677452284592
2020-07-22,0.24468731628377308
2020-07-23,0.2416909983774729
2020-07-24,0.24065506723057445
2020-07-27,0.23938706853369618
2020-07-28,0.237918214965128
2020-07-29,0.23810608311180298
2020-07-30,0.23552041336309604
2020-07-31,0.23349798258559307
2020-08-03,0.2329258869899154
2020-08-04,0.23568458977477028
2020-08-05,0.23688748434415308
2020-08-06,0.23651837413527393
2020-08-07,0.23779124666317486
2020-08-10,0.23702460262573294
2020-08-11,0.23658912639009372
2020-08-12,0.2360085812615996
2020-08-13,0.23603363469096963
2020-08-14,0.23596840826219478
2020-08-17,0.23741575671742413
2020-08-18,0.23761244533965467
2020-08-19,0.2388027850910225
2020-08-20,0.23846367592201317
2020-08-21,0.23843682148538742
2020-08-24,0.23792989189848512
2020-08-25,0.23770496141404485
2020-08-26,0.23647078944491562
2020-08-27,0.2362980806205138
2020-08-28,0.2358177517414497
2020-08-31,0.23305236327712062
2020-09-01,0.23679825440710334
2020-09-02,0.23511176412322154
2020-09-03,0.23512457545072013
2020-09-04,0.23386155373795842
2020-09-07,0.23748666997930507
2020-09-08,0.2367672508354605
2020-09-09,0.23596539741175832
2020-09-10,0.2352660441839183
2020-09-11,0.2344134667842657
2020-09-14,0.23380007817473902
2020-09-15,0.2289476220051562
2020-09-16,0.22913753519987684
2020-09-17,0.22961618960172167
2020-09-18,0.2289926308089168
2020-09-21,0.22600179216555402
2020-09-22,0.23629462719100536
2020-09-23,0.23578859546808364
2020-09-24,0.23485633209671186
2020-09-25,0.24732885065896995
2020-09-28,0.2528328948538217
2020-09-29,0.2538708707915683
2020-09-30,0.2529531140914499
2020-10-01,0.25234305085077036
2020-10-05,0.2521780928128415
2020-10-06,0.2511419832383356
2020-10-07,0.25065282079247836
2020-10-08,0.2496296837683662
2020-10-09,0.24827323411961263
2020-10-12,0.24697497946858443
2020-10-13,0.24633202998416484
2020-10-14,0.24555151479578433
2020-10-15,0.24328524373494023
2020-10-16,0.24995755665965957
2020-10-19,0.24950762755711295
2020-10-20,0.2485155444205809
2020-10-21,0.24791833688391635
2020-10-22,0.24702607032906468
2020-10-23,0.24605746585965665
2020-10-26,0.24440142896314687
2020-10-27,0.24589321636233372
2020-10-28,0.24344410011821502
2020-10-29,0.2448575508453716
2020-10-30,0.24510427915468788
2020-11-02,0.24366186075207621
2020-11-03,0.2360484331403261
2020-11-04,0.2364693005496998
2020-11-05,0.23692951444235993
2020-11-06,0.24030223479633844
2020-11-09,0.23908856929292963
2020-11-10,0.2399733387039191
2020-11-11,0.23274529390243257
2020-11-12,0.23409981111961797
2020-11-13,0.2333255455064121
2020-11-14,0.2332701414969309
2020-11-17,0.23373667449972335
2020-11-18,0.23272518385991356
2020-11-19,0.23180846638647348
2020-11-20,0.23192176561330574
2020-11-23,0.23089787797286776
2020-11-24,0.23218216508480657
2020-11-25,0.23385985464729894
2020-11-26,0.23524249550522358
2020-11-27,0.23575172751373538
2020-12-01,0.23606662924214272
2020-12-02,0.23686526816852355
2020-12-03,0.23666925339175035
2020-12-04,0.23317889412119455
2020-12-07,0.23411194862043147
2020-12-08,0.23438211317162588
2020-12-09,0.233790648910423
2020-12-10,0.23458885444935157
2020-12-11,0.23310822642210202
2020-12-14,0.23248501371874533
2020-12-15,0.23217711010531258
2020-12-16,0.23052763204038923
2020-12-17,0.23108773827905907
2020-12-18,0.23037589190687335
2020-12-21,0.22947155718346654
2020-12-22,0.2494057386088088
2020-12-23,0.2500102726352723
2020-12-24,0.2515399239853319
2020-12-28,0.25150570173720926
2020-12-29,0.2512945778691507
2020-12-30,0.25075543532898714
2020-12-31,0.24989103092950768
2021-01-01,0.249110592532153
2021-01-04,0.24822262291515076
2021-01-05,0.2482447846054068
2021-01-06,0.24539484446083257
2021-01-07,0.24501063986486743
2021-01-08,0.24462887610954406
2021-01-11,0.24875599862697884
2021-01-12,0.24802830497303346
2021-01-13,0.24608983538858606
2021-01-14,0.24460881425320996
2021-01-15,0.24356888392117645
2021-01-18,0.24501878673284966
2021-01-19,0.24636448774307057
2021-01-20,0.2482958226242261
2021-01-21,0.24792986274608206
2021-01-22,0.2468708378906512
2021-01-25,0.24691499199815845
2021-01-27,0.24516218460858868
2021-01-28,0.24736602761355994
2021-01-29,0.24693300897098514
2021-02-01,0.2473178985479803
2021-02-02,0.2498741830504393
2021-02-03,0.25159872835865743
2021-02-04,0.2515706035173513
2021-02-05,0.25093673058812893
2021-02-08,0.24987575054296932
2021-02-09,0.2497421294256475
2021-02-10,0.24922080308138772
2021-02-11,0.248612273244833
2021-02-12,0.24781311952803245
2021-02-15,0.24667273101560125
2021-02-16,0.244726468986425
2021-02-17,0.24334118670492713
2021-02-18,0.2443263620892477
2021-02-19,0.2426019127861208
2021-02-22,0.24222332172988936
2021-02-23,0.24890985046885958
2021-02-24,0.24828808488317286
2021-02-25,0.24751498432086377
2021-02-26,0.24670137599984387
2021-03-01,0.2582724712108198
2021-03-02,0.25937312677715013
2021-03-03,0.2595921748495319
2021-03-04,0.26148546141628637
2021-03-05,0.26087332588221873
2021-03-08,0.26028938118211903
2021-03-09,0.25925066381200096
2021-03-10,0.25863328481942705
2021-03-12,0.25807504545065474
2021-03-15,0.2587015547859565
2021-03-16,0.25863755563841545
2021-03-17,0.257757268720891
2021-03-18,0.25914184640587645
2021-03-19,0.2576284288867104
2021-03-22,0.25848570296295187
2021-03-23,0.25624794914279814
2021-03-24,0.2550570806897417
2021-03-25,0.25858043956778026
2021-03-26,0.26302814451408774
2021-03-30,0.26291495022057837
2021-03-31,0.26760011855878385
2021-04-01,0.26622489801030996
2021-04-05,0.2663979962799275
2021-04-06,0.2645205146980887
2021-04-07,0.2636498689415323
2021-04-08,0.264189128164434
2021-04-09,0.2632934816195146
2021-04-12,0.2606047454983087
2021-04-13,0.2701258357310698
2021-04-15,0.2642093747141505
2021-04-16,0.26220778294398983
2021-04-19,0.2593598826514241
2021-04-20,0.25973591913717536
2021-04-22,0.2582352250619568
2021-04-23,0.25692001557683386
2021-04-26,0.2568293420495554
2021-04-27,0.2561399461841593
2021-04-28,0.25586897459196556
2021-04-29,0.2553782855431085
2021-04-30,0.254803148927879
2021-05-03,0.2528888376242062
2021-05-04,0.2515183658878612
2021-05-05,0.25181428331330363
2021-05-06,0.2525164081414944
2021-05-07,0.25195764196693404
2021-05-10,0.2516293732902682
2021-05-11,0.25169365141906563
2021-05-12,0.25092962502909566
2021-05-14,0.2521254951435499
2021-05-17,0.24892720479498148
2021-05-18,0.2493041364759375
2021-05-19,0.2494111508652267
2021-05-20,0.2488874120475152
2021-05-21,0.25003363724775046
2021-05-24,0.25150604375149677
2021-05-25,0.25085624108364807
2021-05-26,0.24993502343221824
2021-05-27,0.24986991014001214
2021-05-28,0.24875778486245745
2021-05-31,0.24354504404252772
2021-06-01,0.24539320627309646
2021-06-02,0.24437490549788232
2021-06-03,0.2433945177797836
2021-06-04,0.24333763232060143
2021-06-07,0.2428658168733385
2021-06-08,0.2413882759160262
2021-06-09,0.2409314358275934
2021-06-10,0.2420695295860774
2021-06-11,0.24246173258281375
2021-06-14,0.24182509608564154
2021-06-15,0.24147098444225373
2021-06-16,0.24081249150143547
2021-06-17,0.24049280480471524
2021-06-18,0.2401553981111024
2021-06-21,0.2384828647223339
2021-06-22,0.23811371090914674
2021-06-23,0.23579599100861343
2021-06-24,0.2356176634645454
2021-06-25,0.23419425925775922
2021-06-28,0.23280209712061822
2021-06-29,0.23248832213069376
2021-06-30,0.23235757561451387
2021-07-01,0.232268360563867
2021-07-02,0.23157885658060334
2021-07-05,0.23143610713729715
2021-07-06,0.2320317125667997
2021-07-07,0.2303330355992146
2021-07-08,0.23030810824213174
2021-07-09,0.23444244672402959
2021-07-12,0.23451542293345268
2021-07-13,0.2342530260214609
2021-07-14,0.2337575641343301
2021-07-15,0.2305565808761002
2021-07-16,0.22980900676396898
2021-07-19,0.22948263541721015
2021-07-20,0.23142743220761036
2021-07-22,0.23163250312116995
2021-07-23,0.23238682183938117
2021-07-26,0.23174598694172216
2021-07-27,0.2318122534904372
2021-07-28,0.23072190674563423
2021-07-29,0.2304785291497606
2021-07-30,0.2292394351326451
2021-08-02,0.2240705143281685
2021-08-03,0.2251356487607799
2021-08-04,0.22967057049842218
2021-08-05,0.22823868621852506
2021-08-06,0.22703364055914368
2021-08-09,0.22677256357489992
2021-08-10,0.22664088046435593
2021-08-11,0.2264509238990141
2021-08-12,0.22621044492108733
2021-08-13,0.22638357867513026
2021-08-16,0.2265725016867085
2021-08-17,0.22537398340330092
2021-08-18,0.224219151282106
2021-08-20,0.2242172466257745
2021-08-23,0.22158699380844937
2021-08-24,0.22149746527294775
2021-08-25,0.2220869428920479
2021-08-26,0.2218407436321227
2021-08-27,0.2216181377126514
2021-08-30,0.22215327619397465
2021-08-31,0.2259466961073517
2021-09-01,0.22772063407782275
2021-09-02,0.22749636865527514
2021-09-03,0.22862004916329431
2021-09-06,0.2277593242004523
2021-09-07,0.22639448174122476
2021-09-08,0.22674079047710494
2021-09-09,0.22645244940709283
2021-09-13,0.2265169231649598
2021-09-14,0.2255115876401834
2021-09-15,0.2256238877727201
2021-09-16,0.22619975028339867
2021-09-17,0.22356452989117911
2021-09-20,0.22332775209724803
2021-09-21,0.22272139716361664
2021-09-22,0.22275350203135044
2021-09-23,0.22276186006939683
2021-09-24,0.22413634562675713
2021-09-27,0.22340236895861426
2021-09-28,0.21921194913473555
2021-09-29,0.21865610543340055
2021-09-30,0.2172024203523094
2021-10-01,0.21737637459512252
2021-10-04,0.2173584068721411
2021-10-05,0.2190072024284358
2021-10-06,0.21903126817543972
2021-10-07,0.2205551733377879
2021-10-08,0.22021779478227757
2021-10-11,0.21921962520839944
2021-10-12,0.21453646062388365
2021-10-13,0.21484174728441383
2021-10-14,0.21449731087566754
2021-10-18,0.21465810033155205
2021-10-19,0.21451130350394396
2021-10-20,0.21477823493079906
2021-10-21,0.21666637182076692
2021-10-22,0.21731376332142588
2021-10-25,0.2175501555147061
2021-10-26,0.2097289635916502
2021-10-27,0.20999279639993262
2021-10-28,0.20824678017545165
2021-10-29,0.21578396304933214
2021-11-01,0.21601976359232403
2021-11-02,0.21937980924758158
2021-11-03,0.2194247765266318
2021-11-04,0.2199852187667852
2021-11-08,0.22061068007111115
2021-11-09,0.22119768999172162
2021-11-10,0.22127592715203204
2021-11-11,0.22119148890363802
2021-11-12,0.2232348874773596
2021-11-15,0.22573192867499203
2021-11-16,0.22594481849965123
2021-11-17,0.2225203042975988
2021-11-18,0.22233435257574677
2021-11-22,0.22348120908508642
2021-11-23,0.2320244526072991
2021-11-24,0.23196428499001834
2021-11-25,0.23107606082277485
2021-11-26,0.22961791628790196
2021-11-29,0.23595068882536396
2021-11-30,0.23501321465312314
2021-12-01,0.23475642614600942
2021-12-02,0.2345895957306694
2021-12-03,0.23710729604365421
2021-12-06,0.2391354560169268
2021-12-07,0.24533451773100604
2021-12-08,0.2483577137990238
2021-12-09,0.2531969508002102
2021-12-10,0.25145684643604593
2021-12-13,0.2510769230886834
2021-12-14,0.2500811050172294
2021-12-15,0.24916970935583257
2021-12-16,0.2486021242522647
2021-12-17,0.24734117304588524
2021-12-20,0.24601610896225803
2021-12-21,0.247584346167871
2021-12-22,0.24795641107232122
2021-12-23,0.24843280994267866
2021-12-24,0.24889225155862574
2021-12-27,0.2488288005308389
2021-12-28,0.24868949250731925
2021-12-29,0.24920345266008526
2021-12-30,0.24819247592480767
2021-12-31,0.24734056705867377
2022-01-03,0.24831303398492185
2022-01-04,0.24967270652473145
2022-01-05,0.2505251192594193
2022-01-06,0.24802194297904648
2022-01-07,0.24820576449128948
2022-01-10,0.2478351215508361
2022-01-11,0.2468712551240581
2022-01-12,0.2465437809698855
2022-01-13,0.24608072482378074
2022-01-14,0.24215529768601723
2022-01-17,0.24083092865815164
2022-01-18,0.24005994003840755
2022-01-19,0.24011168930479143
2022-01-20,0.23975877408832622
2022-01-21,0.24269777590955047
2022-01-24,0.24162788702790028
2022-01-25,0.25078033494670443
2022-01-27,0.24869389678017717
2022-01-28,0.24847511916494228
2022-01-31,0.2470058210644636
2022-02-01,0.2498533994271108
2022-02-02,0.25036831515101676
2022-02-03,0.2517053488384387
2022-02-04,0.2526329422213326
2022-02-07,0.25212420051884704
2022-02-08,0.2545533049950522
2022-02-09,0.253591687696974
2022-02-10,0.2535823657691429
2022-02-11,0.2534426743182507
2022-02-14,0.2553431945971969
2022-02-15,0.2645540251095097
2022-02-16,0.2715864623921071
2022-02-17,0.27055193985689135
2022-02-18,0.2693549061087155
2022-02-21,0.2685884785206393
2022-02-22,0.2673431729597401
2022-02-23,0.2669433949584348
2022-02-24,0.26624885119556835
2022-02-25,0.29891769899509063
2022-02-28,0.30185257677671473
2022-03-02,0.29908329593806743
2022-03-03,0.2978396297749748
2022-03-04,0.29428154075348617
2022-03-07,0.2911717555656112
2022-03-08,0.2870159956136287
2022-03-09,0.2863612601313099
2022-03-10,0.28688321694939867
2022-03-11,0.28592287616729745
2022-03-14,0.28425371679363254
2022-03-15,0.28288534038210605
2022-03-16,0.28297124597344814
2022-03-17,0.2844935993642039
2022-03-21,0.2850185681314137
2022-03-22,0.2841029131959636
2022-03-23,0.2831053762367956
2022-03-24,0.28158688724654773
2022-03-25,0.27888943424073415
2022-03-28,0.27835325281117695
2022-03-29,0.27721899991270077
2022-03-30,0.2759471993172631
2022-03-31,0.2737450572273991
2022-04-01,0.27237339929385573
2022-04-04,0.2724819438073435
2022-04-05,0.2699798457961066
2022-04-06,0.2684301772740488
2022-04-07,0.26822801948687736
2022-04-08,0.26660273117467936
2022-04-11,0.2655044643714759
2022-04-12,0.26485195257659894
2022-04-13,0.2641352549546685
2022-04-18,0.2623674272053057
2022-04-19,0.25985549233111505
2022-04-20,0.25799694266812173
2022-04-21,0.2553525396732513
2022-04-22,0.2569346635984375
2022-04-25,0.2585178392026374
2022-04-26,0.26025159440454754
2022-04-27,0.25963452040259
2022-04-28,0.2605205173301095
2022-04-29,0.2618304695942493
2022-05-02,0.2610549481952707
2022-05-04,0.26023474025399335
2022-05-05,0.2646300240847687
2022-05-06,0.26277127970370456
2022-05-09,0.263232958135114
2022-05-10,0.26214990436597246
2022-05-11,0.2601204825849114
2022-05-12,0.2595485594592522
2022-05-13,0.2612786026505982
2022-05-16,0.2581976135904844
2022-05-17,0.2569417921668436
2022-05-18,0.2653606573698745
2022-05-19,0.2644912444320332
2022-05-20,0.26636153453370126
2022-05-23,0.2737386928741462
2022-05-24,0.2716609899039678
2022-05-25,0.27117936142689697
2022-05-26,0.2697071655511667
2022-05-27,0.2682543503369729
2022-05-30,0.26794673154941395
2022-05-31,0.2673250394801882
2022-06-01,0.26592230460490307
2022-06-02,0.2656648516083535
2022-06-03,0.2649834146356196
2022-06-06,0.263616770779027
2022-06-07,0.2629561745301388
2022-06-08,0.2628082471513969
2022-06-09,0.2612727157326901
2022-06-10,0.2615628724403906
2022-06-13,0.2630961064820205
2022-06-14,0.2713599300397555
2022-06-15,0.27052670104425647
2022-06-16,0.26969576785308835
2022-06-17,0.27345484896276145
2022-06-20,0.27166948277810116
2022-06-21,0.2689580597069984
2022-06-22,0.27289817162379143
2022-06-23,0.27372186154166217
2022-06-24,0.27283624646928845
2022-06-27,0.2723524090299958
2022-06-28,0.27259033731275656
2022-06-29,0.27128221018694376
2022-06-30,0.26901723229103564
2022-07-01,0.2678445849236562
2022-07-04,0.2600043503303522
2022-07-05,0.2580137438723388
2022-07-06,0.25720501185225153
2022-07-07,0.2574782563536633
2022-07-08,0.25634539271048057
2022-07-11,0.2555380418440506
2022-07-12,0.25171814717973306
2022-07-13,0.25262153735092235
2022-07-14,0.25108013093395914
2022-07-15,0.24947732577973356
2022-07-18,0.24829533066755172
2022-07-19,0.2475978802871058
2022-07-20,0.24700275348603265
2022-07-21,0.24813569247436063
2022-07-22,0.24726419670178798
2022-07-25,0.24640641196035776
2022-07-26,0.24636168611488585
2022-07-27,0.24817575043447582
2022-07-28,0.25035648165782964
2022-07-29,0.25061802123035254
2022-08-01,0.2492654333344797
2022-08-02,0.24848866697430128
2022-08-03,0.24764830477654254
2022-08-04,0.24674163342545563
2022-08-05,0.24602787052301725
2022-08-08,0.24505099257802962
2022-08-10,0.24486424870946666
2022-08-11,0.2443254756005449
2022-08-12,0.2431219996979506
2022-08-16,0.24174583448683998
2022-08-17,0.24204573834024423
2022-08-18,0.24252760167646453
2022-08-19,0.24246358090967413
2022-08-22,0.2447199431497169
2022-08-23,0.24796920416755353
2022-08-24,0.24630142111890502
2022-08-25,0.24587090363812975
2022-08-26,0.24606180006081543
2022-08-29,0.2459187375665379
2022-08-30,0.24732555375848103
2022-09-01,0.2601846221507609
2022-09-02,0.26476673659904054
2022-09-05,0.26367606643671515
2022-09-06,0.2635185268276225
2022-09-07,0.2629268882845578
2022-09-08,0.26205712564237926
2022-09-09,0.2622660141825059
2022-09-12,0.2613981712616572
2022-09-13,0.26083807998141056
2022-09-14,0.26037413219906835
2022-09-15,0.25875662372620856
2022-09-16,0.2580620012810236
2022-09-19,0.2634240667763428
2022-09-20,0.2629829249399035
2022-09-21,0.26449809405983016
2022-09-22,0.26321528685537837
2022-09-23,0.26045831579057466
2022-09-26,0.26083982146656626
2022-09-27,0.2662446779194206
2022-09-28,0.2652690432628977
2022-09-29,0.2629500085256725
2022-09-30,0.2611199372414524
2022-10-03,0.2617023758612188
2022-10-04,0.2602695036488591
2022-10-06,0.2655337917482052
2022-10-07,0.26399126226488673
2022-10-10,0.26337337253675586
2022-10-11,0.2616768014883082
2022-10-12,0.26443730495285306
2022-10-13,0.2640409228728111
2022-10-14,0.2614971265101862
2022-10-17,0.26023273945261116
2022-10-18,0.26041652864110365
2022-10-19,0.2606822967384864
2022-10-20,0.2592796902918138
2022-10-21,0.2589113727183877
2022-10-24,0.2529401904348635
2022-10-25,0.25196897626210846
2022-10-27,0.25036048602720373
2022-10-28,0.2497362485073791
2022-10-31,0.24652034261311156
2022-11-01,0.2474562196421132
2022-11-02,0.2468537553234539
2022-11-03,0.245786260494995
2022-11-04,0.24531005541198475
2022-11-07,0.24457176648672002
2022-11-09,0.24409383281560237
2022-11-10,0.24323850687336068
2022-11-11,0.24280929760822834
2022-11-14,0.24243239821448742
2022-11-15,0.2425295440858695
2022-11-16,0.24225516775927255
2022-11-17,0.24179664921936803
2022-11-18,0.24183838238629465
2022-11-21,0.24182678982176892
2022-11-22,0.24216581730565334
2022-11-23,0.2422929954092986
2022-11-24,0.24227272914575
2022-11-25,0.2457684822078823
2022-11-28,0.24515778103793637
2022-11-29,0.24376325195419654
2022-11-30,0.24297477154424
2022-12-01,0.2429528837281036
2022-12-02,0.24160469722828745
2022-12-05,0.24226076995971993
2022-12-06,0.2417295739562206
2022-12-07,0.2415721004102078
2022-12-08,0.24082235147280132
2022-12-09,0.23825526266194555
2022-12-12,0.2373541055691591
2022-12-13,0.23720018976913704
2022-12-14,0.2378103653718222
2022-12-15,0.23724128353868157
2022-12-16,0.24057603662389204
2022-12-19,0.24220647251496696
2022-12-20,0.2417993669818332
2022-12-21,0.24129929488599067
2022-12-22,0.24129511423557137
2022-12-23,0.24162529269421532
2022-12-26,0.24857877453463892
2022-12-27,0.24911645703590418
2022-12-28,0.24890912336928459
2022-12-29,0.2485198850478768
2022-12-30,0.24852599215582136
2023-01-02,0.24780575700896168
2023-01-03,0.24759587170265007
2023-01-04,0.24668855290366262
2023-01-05,0.24786518443221403
2023-01-06,0.2425907419638227
2023-01-09,0.24301096038771344
2023-01-10,0.24622713983256395
2023-01-11,0.24700765115787793
2023-01-12,0.24571236042443279
2023-01-13,0.24475761444663993
2023-01-16,0.24477277756269297
2023-01-17,0.24353760927906304
2023-01-18,0.2438067009562848
2023-01-19,0.24441347519642362
2023-01-20,0.24398753961223893
2023-01-23,0.2432239580518353
2023-01-24,0.243566104180015
2023-01-25,0.24110732227184584
2023-01-27,0.2413921302819543
2023-01-30,0.23966534497655617
2023-01-31,0.23854577764002796
2023-02-01,0.23736276689879643
2023-02-02,0.2355622612929412
2023-02-03,0.2348495210252738
2023-02-06,0.2358609160749092
2023-02-07,0.23621445959738285
2023-02-08,0.23567326634448124
2023-02-09,0.23628819105126886
2023-02-10,0.23613269898840156
2023-02-13,0.236296030329254
2023-02-14,0.23576132811577805
2023-02-15,0.23673143280222014
2023-02-16,0.23602433442881113
2023-02-17,0.23454025862546282
2023-02-20,0.2352190619176602
2023-02-21,0.23600337250637066
2023-02-22,0.23597299902678728
2023-02-23,0.2390524549096104
2023-02-24,0.23871858009149252
2023-02-27,0.2382826319616855
2023-02-28,0.23797380052584707
2023-03-01,0.24057013940680683
2023-03-02,0.2418914713875597
2023-03-03,0.2429207494524862
2023-03-06,0.24475998052332817
2023-03-08,0.24551452148395247
2023-03-09,0.2447683084395142
2023-03-10,0.24734148074797338
2023-03-13,0.24678810757921615
2023-03-14,0.2495667011927024
2023-03-15,0.25023486547195267
2023-03-16,0.2507049452786455
2023-03-17,0.24944203796735717
2023-03-20,0.24797643340104297
2023-03-21,0.24633697621554304
2023-03-22,0.24392503745751423
2023-03-23,0.2439206933001042
2023-03-24,0.24320816848473473
2023-03-27,0.24394356256642613
2023-03-28,0.24368623656896754
2023-03-29,0.24317694815232785
2023-03-31,0.2443306780691889
2023-04-03,0.24725836808791268
2023-04-05,0.2460140604335701
2023-04-06,0.24611287557671022
2023-04-10,0.24480352092387853
2023-04-11,0.24317552766872594
2023-04-12,0.24209555578946707
2023-04-13,0.24172723651899997
2023-04-17,0.2402375484399986
2023-04-18,0.23639482991757996
2023-04-19,0.2358368293420575
2023-04-20,0.23556200052074155
2023-04-21,0.23548176367138848
2023-04-24,0.23439933205448674
2023-04-25,0.23305007662115074
2023-04-26,0.23230873354693046
2023-04-27,0.23241853024714815
2023-04-28,0.2319089798760513
2023-05-02,0.2308740398826453
2023-05-03,0.2305804721474098
2023-05-04,0.23056117734774736
2023-05-05,0.2308800594923183
2023-05-08,0.22761536664966914
2023-05-09,0.22884382771695427
2023-05-10,0.22849354281255077
2023-05-11,0.22854707949045988
2023-05-12,0.22504134702657594
2023-05-15,0.2248660812655569
2023-05-16,0.22498043401131546
2023-05-17,0.22468272520662172
2023-05-18,0.22580981813750864
2023-05-19,0.22597973178126302
2023-05-22,0.22617210527081022
2023-05-23,0.22666097351406844
2023-05-24,0.22683764758773622
2023-05-25,0.2259148572701123
2023-05-26,0.22577863486662203
2023-05-29,0.22871764915468412
2023-05-30,0.22819750732867217
2023-05-31,0.22816736110217684
2023-06-01,0.22854795733931907
2023-06-02,0.22783622102277448
2023-06-05,0.228016129010185
2023-06-06,0.22772189316595845
2023-06-07,0.22664804967696123
2023-06-08,0.2271726763994733
2023-06-09,0.22823235424049956
2023-06-12,0.22870766981547563
2023-06-13,0.22844391307092984
2023-06-14,0.22955765235422348
2023-06-15,0.2293786988546716
2023-06-16,0.2284594610588433
2023-06-19,0.22793322030412383
2023-06-20,0.22695862650147344
2023-06-21,0.226819813544863
2023-06-22,0.22617713439525494
2023-06-23,0.22713939392543508
2023-06-26,0.22783644069515943
2023-06-27,0.22777017866597818
2023-06-28,0.2282675581015246
2023-06-30,0.23038579554092256
2023-07-03,0.2360070014208718
2023-07-04,0.23442728271744642
2023-07-05,0.23267723329182793
2023-07-06,0.2299935552636096
2023-07-07,0.22975949222011388
2023-07-10,0.23172237955610533
2023-07-11,0.23031264087086228
2023-07-12,0.23048364666834373
2023-07-13,0.23039972370479606
2023-07-14,0.22923350596418196
2023-07-17,0.22811716588391992
2023-07-18,0.22842253486994193
2023-07-19,0.2279553430504566
2023-07-20,0.22793265235690763
2023-07-21,0.22910721040761342
2023-07-24,0.23078595886855188
2023-07-25,0.22990069662798246
2023-07-26,0.22960690430693714
2023-07-27,0.2293701765538589
2023-07-28,0.22935637517647042
2023-07-31,0.22858466448976233
2023-08-01,0.22916554861406707
2023-08-02,0.2290465071622892
2023-08-03,0.2305043665017281
2023-08-04,0.23190323622174644
2023-08-07,0.23214333307839768
2023-08-08,0.23230377230736263
2023-08-09,0.23216413813315806
2023-08-10,0.2317028946016848
2023-08-11,0.232147558035563
2023-08-14,0.23413185582572102
2023-08-16,0.23412835873422758
2023-08-17,0.2340866429836585
2023-08-18,0.2349254895771112
2023-08-21,0.2346614547972066
2023-08-22,0.23493692882569472
2023-08-23,0.23484245914849075
2023-08-24,0.23401884058931297
2023-08-25,0.23409044979137159
2023-08-28,0.23461191971025816
2023-08-29,0.234301236209507
2023-08-30,0.23422453781374042
2023-08-31,0.23352753384576358
2023-09-01,0.23357649255072968
2023-09-04,0.23567012880310267
2023-09-05,0.23426110448986537
2023-09-06,0.23359091270855725
2023-09-07,0.2326357013919816
2023-09-08,0.23221272047016783
2023-09-11,0.23214285186598466
2023-09-12,0.23387334669531534
2023-09-13,0.23229805370503917
2023-09-14,0.23271355265922694
2023-09-15,0.23264792632878054
2023-09-18,0.2325317078657789
2023-09-20,0.2322528755428752
2023-09-21,0.23255091723936325
2023-09-22,0.23264359522480058
2023-09-25,0.23224430214297834
2023-09-26,0.23035809187726153
2023-09-27,0.23037145391530633
2023-09-28,0.23078090295771597
2023-09-29,0.2338841365139774
2023-10-03,0.23524117706560868
2023-10-04,0.23678556598000194
2023-10-05,0.23479291088987764
2023-10-06,0.23495286252782405
2023-10-09,0.23488810480767955
2023-10-10,0.23491228098997124
2023-10-11,0.23580734645651824
2023-10-12,0.23638721217569805
2023-10-13,0.2355402877514673
2023-10-16,0.23450788302359518
2023-10-17,0.23437872496777476
2023-10-18,0.23468342238363812
2023-10-19,0.2337803296517059
2023-10-20,0.23490187765316653
2023-10-23,0.23519266130802355
2023-10-25,0.23888663723490625
2023-10-26,0.23990951209003247
2023-10-27,0.24263408366710382
2023-10-30,0.24399061631425484
2023-10-31,0.24259765612210396
2023-11-01,0.24312360784604775
2023-11-02,0.24239608863709045
2023-11-03,0.2431772449194129
2023-11-06,0.24276337247797972
2023-11-07,0.24432334852931317
2023-11-08,0.24369939535781523
2023-11-09,0.24308036228409002
2023-11-10,0.24363819662865915
2023-11-13,0.24338822823605866
2023-11-15,0.243304711527488
2023-11-16,0.24528920187190895
2023-11-17,0.24481125866243467
2023-11-20,0.2434572160135672
2023-11-21,0.24298863978925822
2023-11-22,0.24283711566163393
2023-11-23,0.24265003139943572
2023-11-24,0.2424596831122076
2023-11-28,0.2419257208975426
2023-11-29,0.2414799247231104
2023-11-30,0.2433833849371422
2023-12-01,0.2425111986611641
2023-12-04,0.2416098717708851
2023-12-05,0.24389232978147374
2023-12-06,0.24294379262921365
2023-12-07,0.24161572640907905
2023-12-08,0.24135679724306383
2023-12-11,0.24024178765978196
2023-12-12,0.23908874763468324
2023-12-13,0.23829984686707564
2023-12-14,0.23746889149126169
2023-12-15,0.23983590234085933
2023-12-18,0.24002679182536718
2023-12-19,0.23924450944056647
2023-12-20,0.23845554832290455
2023-12-21,0.2399381078811197
2023-12-22,0.238875123087273
2023-12-26,0.23739800742753925
2023-12-27,0.23699506255275715
2023-12-28,0.23767807346413727
2023-12-29,0.2381287238105927
2024-01-01,0.23789194873181477
2024-01-02,0.23767641626914926
2024-01-03,0.23537449276357963
2024-01-04,0.2351109332009724
2024-01-05,0.2341164903402666
2024-01-08,0.233960292437391
2024-01-09,0.23606987351319852
2024-01-10,0.23585928971619324
2024-01-11,0.23456630523566843
2024-01-12,0.23339141928413418
2024-01-15,0.23432581472404643
2024-01-16,0.235541085842429
2024-01-17,0.23525193663056665
2024-01-18,0.23674185972048215
2024-01-19,0.2356196348453085
2024-01-23,0.2368907408576516
2024-01-24,0.23743894364938087
2024-01-25,0.23596484515119023
2024-01-29,0.2363538666480824
2024-01-30,0.2360182402345595
2024-01-31,0.23652990405445168
2024-02-01,0.23926075149770945
2024-02-02,0.2372883169589674
2024-02-05,0.23663130067430754
2024-02-06,0.23560175159831476
2024-02-07,0.23494413939065653
2024-02-08,0.2343258604486352
2024-02-09,0.23496362361795103
2024-02-12,0.23461883012206025
2024-02-13,0.23383086469261918
2024-02-14,0.23454086674779345
2024-02-15,0.23361654839168788
2024-02-16,0.23264040168879216
2024-02-19,0.23289587169986772
2024-02-20,0.23296921242499508
2024-02-21,0.23190675262076435
2024-02-22,0.23262158441206085
2024-02-23,0.23324105372002785
2024-02-26,0.23312335633603593
2024-02-27,0.23383953713287509
2024-02-28,0.2333797462156118
2024-02-29,0.23443474189506627
2024-03-01,0.23444389803297386
2024-03-04,0.23232453879776166
2024-03-05,0.23226323508951574
2024-03-06,0.23166556401676738
2024-03-07,0.23160224876066038
2024-03-11,0.2309457441565691
2024-03-12,0.23201058521905027
2024-03-13,0.23097185396793266
2024-03-14,0.22922328509292084
2024-03-15,0.22842895753006737
2024-03-18,0.22852658795256212
2024-03-19,0.22757236883635165
2024-03-20,0.23061352922452394
2024-03-21,0.229468377011447
2024-03-22,0.22979411783312462
2024-03-26,0.2276958947628771
2024-03-27,0.2278759873915157
2024-03-28,0.22656811576142197
2024-04-01,0.22831626168908847
2024-04-02,0.228925237654297
2024-04-03,0.2290482579472136
2024-04-04,0.22843730689614963
2024-04-05,0.2274192259478759
2024-04-08,0.22723998951312238
2024-04-09,0.226797505862873
2024-04-10,0.22622713497761607
2024-04-12,0.2261146583216195
2024-04-15,0.23115463916925985
2024-04-16,0.2310050049990527
2024-04-18,0.23000861096797454
2024-04-19,0.2325513968379576
2024-04-22,0.23321538866635022
2024-04-23,0.234729765784607
2024-04-24,0.23354827665620398
2024-04-25,0.23345656016194835
2024-04-26,0.23351392698706708
2024-04-29,0.23192282075697798
2024-04-30,0.23188990926503245
2024-05-02,0.23199970533440833
2024-05-03,0.23167881433841636
2024-05-06,0.23143328786854978
2024-05-07,0.23068116256759919
2024-05-08,0.22713607420952447
2024-05-09,0.22661707606700468
2024-05-10,0.23219140733945365
2024-05-13,0.23186146978650804
2024-05-14,0.23183285864134168
2024-05-15,0.23137817300277067
2024-05-16,0.2316036555508619
2024-05-17,0.23204679238994105
2024-05-21,0.23177068559469619
2024-05-22,0.23200090051514227
2024-05-23,0.23166698011876552
2024-05-24,0.23320679546515047
2024-05-27,0.23305322314305787
2024-05-28,0.2326707169625098
2024-05-29,0.23259149723300995
2024-05-30,0.23369217999317243
2024-05-31,0.2369607995938691
2024-06-03,0.23626916890314348
2024-06-04,0.24279690370875812
2024-06-05,0.24821054222096328
2024-06-06,0.2586113455849989
2024-06-07,0.2579485198513042
2024-06-10,0.26167197582848706
2024-06-11,0.2611285073637198
2024-06-12,0.2603779256663562
2024-06-13,0.2598324956093662
2024-06-14,0.25901764050730725
2024-06-18,0.2583314131456477
2024-06-19,0.2567158666390803
2024-06-20,0.25442602155688604
2024-06-21,0.25350259176778256
2024-06-24,0.2528851514910872
2024-06-25,0.25226598379101034
2024-06-26,0.25196181550403296
2024-06-27,0.2515487369721668
2024-06-28,0.2515775046697127
2024-07-01,0.25004223977918616
2024-07-02,0.2503687518998177
2024-07-03,0.24893485837793328
2024-07-04,0.24866485243461167
2024-07-05,0.24680437060116642
2024-07-08,0.24500585502379815
2024-07-09,0.2442592110646219
2024-07-10,0.2418655677969656
2024-07-11,0.2415364257935029
2024-07-12,0.24097620872762665
2024-07-15,0.24099322304425555
2024-07-16,0.24067714974029164
2024-07-18,0.2397381950078893
2024-07-19,0.24160727187033776
2024-07-22,0.24196099668746424
2024-07-23,0.2366633425748221
2024-07-24,0.23333907746293822
2024-07-25,0.23314964421379902
2024-07-26,0.22957786010886408
2024-07-29,0.23169851100764768
2024-07-30,0.2317252306310979
2024-07-31,0.23185321753310542
2024-08-01,0.23177620526662926
2024-08-02,0.23170275089090883
2024-08-05,0.23291933077035573
2024-08-06,0.2434131590403989
2024-08-07,0.24306584679876111
2024-08-08,0.24594211640627597
2024-08-09,0.24581441912254146
2024-08-12,0.24649640284383098
2024-08-13,0.2455881738019839
2024-08-14,0.24495980833296394
2024-08-16,0.24391962397055433
2024-08-19,0.2467897550767495
2024-08-20,0.2461007390244593
2024-08-21,0.24618707484195038
2024-08-22,0.24583870755327014
2024-08-23,0.24531422008762244
2024-08-26,0.24464615657490194
2024-08-27,0.24483385807977212
2024-08-28,0.24351321833459638
2024-08-29,0.24252791294229448
2024-08-30,0.24203305757987525
2024-09-02,0.24161998515499597
2024-09-03,0.24006018007480365
2024-09-04,0.23948558432376568
2024-09-05,0.23896434708617584
2024-09-06,0.23862527208990386
2024-09-09,0.24038455295006386
2024-09-10,0.238795801379083
2024-09-11,0.2383599106669655
2024-09-12,0.23824126642447532
2024-09-13,0.24413064655590136
2024-09-16,0.2428073321956708
2024-09-17,0.2417126152453914
2024-09-18,0.24165480289648955
2024-09-19,0.23833239722968866
2024-09-20,0.23776858525724728
2024-09-23,0.24005996082173095
2024-09-24,0.23974710132985008
2024-09-25,0.2393109001168451
2024-09-26,0.239135256861228
2024-09-27,0.23974333706398707
2024-09-30,0.23793515613599617
2024-10-01,0.24101558673068307
2024-10-03,0.24069567938356742
2024-10-04,0.24702533070262606
2024-10-07,0.24663719786720226
2024-10-08,0.2459658836175864
2024-10-09,0.2453801809864061
2024-10-10,0.2436042974836843
2024-10-11,0.24263607060589568
2024-10-14,0.24166109156513155
2024-10-15,0.23999245437710032
2024-10-16,0.23991978987025922
2024-10-17,0.23930020316589104
2024-10-18,0.23935901737369172
2024-10-21,0.23605139174683884
2024-10-22,0.23551393374491966
2024-10-23,0.23716992522999555
2024-10-24,0.23487095983283737
2024-10-25,0.23358010727365194
2024-10-28,0.23260044437393387
2024-10-29,0.23252101005675743
2024-10-30,0.23019279709606524
2024-10-31,0.23023333530910564
2024-11-01,0.2303406257887941
2024-11-04,0.23056186586099953
2024-11-05,0.23380178844022478
2024-11-06,0.23357992354790694
2024-11-07,0.23619633990091826
2024-11-08,0.23822707733595316
2024-11-11,0.23757331250739788
2024-11-12,0.2367768646523842
2024-11-13,0.2377885100232917
2024-11-14,0.2399509018599092
2024-11-18,0.23973470500690075
2024-11-19,0.23956738776528116
2024-11-21,0.23899654590497016
2024-11-22,0.23966214262000554
2024-11-25,0.2489326338694192
2024-11-26,0.24970475180880666
2024-11-27,0.24871641585474452
2024-11-28,0.24807365815218616
2024-11-29,0.25190147658507256
2024-12-02,0.2532121160088816
2024-12-03,0.2534624628593845
2024-12-04,0.2529525161428696
2024-12-05,0.25169701934393285
2024-12-06,0.25376031704523144
2024-12-09,0.2528039172709044
2024-12-10,0.2514466049689622
2024-12-11,0.250648644323382
2024-12-12,0.2499048816943061
2024-12-13,0.24959306864846972
2024-12-16,0.2503686109009629
2024-12-17,0.24978451771998122
2024-12-18,0.2529292746463472
2024-12-19,0.25138933529709095
2024-12-20,0.24987844135329162
2024-12-23,0.25241689802453765
2024-12-24,0.25223121119635356
2024-12-26,0.2517451221243143
2024-12-27,0.25112266816785117
2024-12-30,0.25111148193437927
2024-12-31,0.2515676771425143
2025-01-01,0.2500852413598453
2025-01-02,0.24886068913558307
2025-01-03,0.2548279439172781
2025-01-06,0.25251808867048176
2025-01-07,0.253921841948327
2025-01-08,0.2529800506096765
2025-01-09,0.2520501112111974
2025-01-10,0.25234551201471933
2025-01-13,0.24748753482838046
2025-01-14,0.24887504763154206
2025-01-15,0.24669096516847783
2025-01-16,0.24563733361672352
2025-01-17,0.24428630140597116
2025-01-20,0.2397173484450112
2025-01-21,0.23724812598269332
2025-01-22,0.23952462998358132
2025-01-23,0.24028346025032593
2025-01-24,0.2396087260245761
2025-01-27,0.23832090290866598
2025-01-28,0.23951691739733602
2025-01-29,0.23575761526872036
2025-01-30,0.23564068109663253
2025-01-31,0.23589623691481407
2025-02-01,0.23760522666911985
2025-02-03,0.23502951872102162
2025-02-04,0.23275611620899717
2025-02-05,0.2350920893938441
2025-02-06,0.23466746855039347
2025-02-07,0.23450625989442608
2025-02-10,0.23504039869336382
2025-02-11,0.23643683160533685
2025-02-12,0.24028360597938483
2025-02-13,0.240219487238596
2025-02-14,0.23919972535094036
2025-02-17,0.23876968377288305
2025-02-18,0.23821556186790685
2025-02-19,0.2376677689059656
2025-02-20,0.23620354922087441
2025-02-21,0.23542429515692623
2025-02-24,0.23663909399663663
2025-02-25,0.23767898039810723
2025-02-27,0.2367129521295648
2025-02-28,0.23593089219825916
2025-03-03,0.24369815560729505
2025-03-04,0.2424408726806676
2025-03-05,0.24234671001307967
2025-03-06,0.24125444921070688
2025-03-07,0.24320334103610114
2025-03-10,0.2422562849825958
2025-03-11,0.24153866722859338
2025-03-12,0.23946870753966965
2025-03-13,0.23740920907147253
2025-03-17,0.23748587308984523
2025-03-18,0.23699858724299594
2025-03-19,0.2371463595919617
2025-03-20,0.2385812579371735
2025-03-21,0.2405539465909756
2025-03-24,0.24068587648256176
2025-03-25,0.24339160590887912
2025-03-26,0.24195276871418428
2025-03-27,0.24464915741871066
2025-03-28,0.24423653431785683
2025-04-01,0.2433123339210184
2025-04-02,0.24650184813344872
2025-04-03,0.24651261393047874
2025-04-04,0.24444122560028667
2025-04-07,0.2474944894360802
2025-04-08,0.2544810247711512
2025-04-09,0.25807165027110673
2025-04-11,0.25644603111898046
2025-04-15,0.25841496699666416
2025-04-16,0.2611788349363745
2025-04-17,0.2597527736101726
2025-04-21,0.25876515381224807
2025-04-22,0.2581760867037446
2025-04-23,0.25649336365888914
2025-04-24,0.25639135389704937
2025-04-25,0.25528452898082343
2025-04-28,0.25488863349522267
2025-04-29,0.25486931117387207
2025-04-30,0.2539640439274099
2025-05-02,0.2507624052436986
2025-05-05,0.2500615610223439
2025-05-06,0.24960920287954969
2025-05-07,0.2491507821953518
2025-05-08,0.24829981988791247
2025-05-09,0.24857025278523026
2025-05-12,0.24989551676753338
2025-05-13,0.2696491615017386
2025-05-14,0.2700236923446323
2025-05-15,0.2694290114453039
2025-05-16,0.2707030664925024
2025-05-19,0.26979465586081475
2025-05-20,0.269233687491603
2025-05-21,0.2691977297138419
2025-05-22,0.2686068684110713
2025-05-23,0.2704600275027163
2025-05-26,0.270068433712976
2025-05-27,0.26984669729957095
2025-05-28,0.27007018481904527
2025-05-29,0.2693770350309785
2025-05-30,0.2687119929295925
2025-06-02,0.2680267168613203
2025-06-03,0.2672553956787375
2025-06-04,0.2680613510204119
2025-06-05,0.26711183655918364
2025-06-06,0.265923059312528
2025-06-09,0.26700711729072
2025-06-10,0.2660858383781445
2025-06-11,0.26448057314149026
2025-06-12,0.263177995795475
2025-06-13,0.2632111665065359
2025-06-16,0.26229904085916705
2025-06-17,0.26261524885315973
2025-06-18,0.261969108905758
2025-06-19,0.26128301016768607
2025-06-20,0.26018865882380915
2025-06-23,0.260124406509006
2025-06-24,0.2606583040357094
2025-06-25,0.2593231792245323
2025-06-26,0.2595296804241854
2025-06-27,0.25855424588399917
2025-06-30,0.2567798571204625
2025-07-01,0.25727141194359554
2025-07-02,0.25610898091527934
2025-07-03,0.2550221741970922
2025-07-04,0.25425074598391645
2025-07-07,0.25428754108586
2025-07-08,0.2523890535182906
2025-07-09,0.2515279414486727
2025-07-10,0.2505864229011213
2025-07-11,0.25008425678414603
2025-07-14,0.24678321632057526
2025-07-15,0.2462523731007673
2025-07-16,0.24658307906091595
2025-07-17,0.24564588799441675
2025-07-18,0.24587911712898758
2025-07-21,0.24174787799265907
2025-07-22,0.23767563258919575
2025-07-23,0.23734069111586165
2025-07-24,0.2373802843500707
2025-07-25,0.23764027922083877
2025-07-28,0.2386843299607215
2025-07-29,0.23789729861673758
2025-07-30,0.23769557984260206
2025-07-31,0.23732196424582272
2025-08-01,0.23597725471452044
2025-08-04,0.23834630793300557
2025-08-05,0.23755474082924388
2025-08-06,0.23748705930683897
2025-08-07,0.2383827089292118
2025-08-08,0.23836024440262615
2025-08-11,0.2391287659689833
2025-08-12,0.2399197823905686
2025-08-13,0.23884484022280744
2025-08-14,0.23877278810970126
2025-08-18,0.23822954717044695
2025-08-19,0.23439122488153669
2025-08-20,0.23366598894991408
2025-08-21,0.23206280536693216
2025-08-22,0.2320561795309123
2025-08-25,0.23361426384406797
2025-08-26,0.2339079759190996
2025-08-28,0.23363490582907184
2025-08-29,0.2349369498338018
2025-09-01,0.23409970076957506
2025-09-02,0.23377996342500446
2025-09-03,0.23342660480092886
2025-09-04,0.23320421668627755
2025-09-05,0.23155962982384132
2025-09-08,0.23082585665648966
2025-09-09,0.23065801274546566
2025-09-10,0.2309858667628673
2025-09-11,0.2312946264297007
2025-09-12,0.23104169774189032
2025-09-15,0.23060508092410756
2025-09-16,0.2310346553091377
2025-09-17,0.2317722047689451
2025-09-18,0.23181294424860166
2025-09-19,0.2321434435944572
2025-09-22,0.2322295948598537
2025-09-23,0.23242782534452355
2025-09-24,0.23114639292587963
2025-09-25,0.23106090389712347
2025-09-26,0.23170849269695246
2025-09-29,0.23468062847476134
2025-09-30,0.23392274459789378
2025-10-01,0.23389448989074174
2025-10-03,0.23627597396826217
2025-10-06,0.23604530554096467
2025-10-07,0.2372734335120765
2025-10-08,0.23651785633164343
2025-10-09,0.2357015843067248
2025-10-10,0.23603673322073015
2025-10-13,0.23679503156438975
2025-10-14,0.23710396375970155
2025-10-15,0.23692586797799492
2025-10-16,0.23640233048778644
2025-10-17,0.23862755278602912
2025-10-20,0.23518845069606903
2025-10-21,0.23271420367439055
2025-10-23,0.23279928504305922
2025-10-24,0.23228927432737026
2025-10-27,0.23152046604077559
2025-10-28,0.2314711739590246
2025-10-29,0.2324132083849681
2025-10-30,0.23117555758030692
2025-10-31,0.2332756937431054
2025-11-03,0.23353050280858587
2025-11-04,0.23247687181329602
2025-11-06,0.23436680895342749
2025-11-07,0.2338847008333753
2025-11-10,0.2330166332836253
2025-11-11,0.23320022556702288
2025-11-12,0.2300607805330338
2025-11-13,0.23111527690759515
2025-11-14,0.23071677530693985
2025-11-17,0.23008621341255747
2025-11-18,0.23030672093432453
2025-11-19,0.23061906194819698
2025-11-20,0.23105560281642945
2025-11-21,0.23067289459404916
2025-11-24,0.2305232266287402
2025-11-25,0.23089235756165097
2025-11-26,0.2316382557811345
2025-11-27,0.23746575345865123
2025-11-28,0.23649172685031078
2025-12-01,0.2363578028991585
2025-12-02,0.2360311643659521
2025-12-03,0.23567570677134778
2025-12-04,0.23455794989159642
2025-12-05,0.23469905579408556
2025-12-08,0.2316255085840132
2025-12-09,0.23247798660451108
2025-12-10,0.2343429978397046
2025-12-11,0.23422339675707762
2025-12-12,0.23429077865069622
2025-12-15,0.23370132233030086
2025-12-16,0.2335321690229867
2025-12-17,0.23467162412778692
2025-12-18,0.23429341701918854
2025-12-19,0.23276271176869448
2025-12-22,0.23305611404915622
2025-12-23,0.23525662001269604
2025-12-24,0.23479696768082348
2025-12-26,0.23530444454965407
2025-12-29,0.23589083825953008
2025-12-30,0.23623956864421666
2025-12-31,0.23616955119520028
2026-01-01,0.23576617235732597
2026-01-02,0.22894452249516123
2026-01-05,0.2302159937316611
2026-01-06,0.22840975602811425
2026-01-07,0.2245155552523961
2026-01-08,0.22281503830585211
2026-01-09,0.22699566419813916
2026-01-12,0.22760178629562283
2026-01-13,0.22771749825406995
2026-01-14,0.22670756625301014
2026-01-15,0.22590863322051044
2026-01-16,0.22631730092337424
2026-01-19,0.22290662515928136
2026-01-20,0.21797818902571947
2026-01-21,0.2227397591619031
2026-01-22,0.22296401575291125
2026-01-23,0.22326277938893635
2026-01-27,0.22294655455998852
2026-01-28,0.2217408784381695
2026-01-29,0.21915785120794454
2026-01-30,0.2184203878627852
2026-02-02,0.21828301677095308
2026-02-03,0.2184129569741568
2026-02-04,0.2289169706068111
2026-02-05,0.22284308604404698
2026-02-06,0.2233476021451011
2026-02-09,0.22198149042689574
2026-02-10,0.22201656260295657
2026-02-11,0.2219839567790029
2026-02-12,0.22178002889839057
2026-02-13,0.22093176154848765
2026-02-16,0.2240028000068017
2026-02-17,0.2237347931996894
2026-02-18,0.2239980268527568
2026-02-19,0.22387457338226557
2026-02-20,0.2248544558245177
2026-02-23,0.2251592145380439
2026-02-24,0.22483106660027527
2026-02-25,0.22628835556860247
2026-02-26,0.2258605632742106
2026-02-27,0.2258337691099596
2026-03-02,0.22979795843166945
2026-03-04,0.23018402694291948
2026-03-05,0.23272351860608415
2026-03-06,0.2326409039051066
2026-03-09,0.2327934773244931
2026-03-10,0.23412646372918522
2026-03-11,0.23374531149693414
2026-03-12,0.23461871016092833
2026-03-13,0.23609336553432364
2026-03-16,0.2397443858610327
2026-03-17,0.23869788185830193
2026-03-18,0.2379819770425248
2026-03-19,0.23760383548444644
2026-03-20,0.2503869952975107
2026-03-23,0.2497373486122098
2026-03-24,0.2534562862785101
2026-03-25,0.25437057910566846
2026-03-27,0.25588710355495514
2026-03-30,0.2540105994496152
2026-04-01,0.2576339472711969
2026-04-02,0.25640322808572213
2026-04-06,0.2553596858046747
2026-04-07,0.25385210773259925
2026-04-08,0.25437044664282454
2026-04-09,0.2568724840002121
2026-04-10,0.25599019321454014
2026-04-13,0.2528598213057947
2026-04-15,0.25321647066299646
2026-04-16,0.2542745977461571
2026-04-17,0.253732722355783
2026-04-20,0.25182448905277577
2026-04-21,0.2516114812912445
2026-04-22,0.2514862982669341
2026-04-23,0.2506074277611009
2026-04-24,0.2462047519813294
2026-04-27,0.2492208342470892
2026-04-28,0.2479980772291185
2026-04-29,0.24520169533266914
2026-04-30,0.2444561155890377
2026-05-01,0.2438529555568807
2026-05-04,0.2438351720237017
2026-05-05,0.24226841036971078
2026-05-06,0.24211761423193595
2026-05-07,0.240483157762995
2026-05-08,0.24068366359983795
2026-05-11,0.24043406910999757
2026-05-12,0.23997964948699044
2026-05-13,0.24379146821615943
2026-05-14,0.24363004245577088
2026-05-15,0.24268010297536383
2026-05-18,0.24217129994508518
2026-05-19,0.24157197453348292
2026-05-20,0.24011427984393421
2026-05-21,0.2393779302673712
2026-05-22,0.23905051586180967
